severity	updateDate	comments	line	author	fromHotspot	rule	project	effort	message	creationDate	type	tags	component	flows	organization	textRange	debt	key	hash	status
MINOR	2019-10-28T14:09:44+0000		17.0		false	squid:RedundantThrowsDeclarationCheck	com.mycompany:CupCake	5min	Remove the declaration of thrown exception 'java.lang.IllegalArgumentException' which is a runtime exception.	2019-10-28T14:09:44+0000	CODE_SMELL	"clumsy / error-handling / redundant / unused / "	com.mycompany:CupCake:src/main/java/logic/Account.java		default-organization	{startLine=17.0, endLine=17.0, startOffset=47.0, endOffset=71.0}	5min	AW4Ss_BekMvoHfz8J1ai	c47b9169c9f6e7027d004f89e07e9c2b	OPEN
CRITICAL	2019-10-28T14:09:44+0000		22.0		false	squid:S1192	com.mycompany:CupCake	8min	"Define a constant instead of duplicating this literal ""Balance must be a positive value"" 3 times."	2019-10-28T14:09:44+0000	CODE_SMELL	"design / "	com.mycompany:CupCake:src/main/java/logic/Account.java	"{locations=[{component=com.mycompany:CupCake:src/main/java/logic/Account.java, textRange={startLine=22.0, endLine=22.0, startOffset=47.0, endOffset=81.0}, msg=Duplication}]} / {locations=[{component=com.mycompany:CupCake:src/main/java/logic/Account.java, textRange={startLine=34.0, endLine=34.0, startOffset=47.0, endOffset=81.0}, msg=Duplication}]} / {locations=[{component=com.mycompany:CupCake:src/main/java/logic/Account.java, textRange={startLine=62.0, endLine=62.0, startOffset=47.0, endOffset=81.0}, msg=Duplication}]} / "	default-organization	{startLine=22.0, endLine=22.0, startOffset=47.0, endOffset=81.0}	8min	AW4Ss_BekMvoHfz8J1ah	7f83da13aca433e2444c2b7ed292580d	OPEN
MINOR	2019-10-28T14:09:44+0000		58.0		false	squid:RedundantThrowsDeclarationCheck	com.mycompany:CupCake	5min	Remove the declaration of thrown exception 'java.lang.IllegalArgumentException' which is a runtime exception.	2019-10-28T14:09:44+0000	CODE_SMELL	"clumsy / error-handling / redundant / unused / "	com.mycompany:CupCake:src/main/java/logic/Account.java		default-organization	{startLine=58.0, endLine=58.0, startOffset=47.0, endOffset=71.0}	5min	AW4Ss_BekMvoHfz8J1aj	43c1732cc8c39f2676f342efd9ab9091	OPEN
MINOR	2019-10-28T14:09:44+0000		71.0		false	squid:RedundantThrowsDeclarationCheck	com.mycompany:CupCake	5min	Remove the declaration of thrown exception 'java.lang.IllegalArgumentException' which is a runtime exception.	2019-10-28T14:09:44+0000	CODE_SMELL	"clumsy / error-handling / redundant / unused / "	com.mycompany:CupCake:src/main/java/logic/Account.java		default-organization	{startLine=71.0, endLine=71.0, startOffset=52.0, endOffset=76.0}	5min	AW4Ss_BekMvoHfz8J1ak	851dfb3e32efd66c86e67aef6d338a90	OPEN
MINOR	2019-10-28T14:09:44+0000		23.0		false	squid:RedundantThrowsDeclarationCheck	com.mycompany:CupCake	5min	Remove the declaration of thrown exception 'java.lang.IllegalArgumentException' which is a runtime exception.	2019-10-28T14:09:44+0000	CODE_SMELL	"clumsy / error-handling / redundant / unused / "	com.mycompany:CupCake:src/main/java/logic/Bottom.java		default-organization	{startLine=23.0, endLine=23.0, startOffset=51.0, endOffset=75.0}	5min	AW4Ss_BxkMvoHfz8J1an	3ea2485ddd76e9d4b185c2de6a135f5b	OPEN
MINOR	2019-10-28T14:09:44+0000		44.0		false	squid:RedundantThrowsDeclarationCheck	com.mycompany:CupCake	5min	Remove the declaration of thrown exception 'java.lang.IllegalArgumentException' which is a runtime exception.	2019-10-28T14:09:44+0000	CODE_SMELL	"clumsy / error-handling / redundant / unused / "	com.mycompany:CupCake:src/main/java/logic/Bottom.java		default-organization	{startLine=44.0, endLine=44.0, startOffset=43.0, endOffset=67.0}	5min	AW4Ss_BxkMvoHfz8J1ao	9ce76323b6e704ef5d9d0c8e989bcdd4	OPEN
MINOR	2019-10-28T14:09:44+0000		2.0		false	squid:UselessImportCheck	com.mycompany:CupCake	2min	Remove this unnecessary import: same package classes are always implicitly imported.	2019-10-28T14:09:44+0000	CODE_SMELL	"unused / "	com.mycompany:CupCake:src/main/java/logic/Cupcake.java		default-organization	{startLine=2.0, endLine=2.0, startOffset=0.0, endOffset=21.0}	2min	AW4Ss_BUkMvoHfz8J1af	ed1f6a85783994f0827a6f5c0ab4be40	OPEN
MINOR	2019-10-28T14:09:44+0000		3.0		false	squid:UselessImportCheck	com.mycompany:CupCake	2min	Remove this unnecessary import: same package classes are always implicitly imported.	2019-10-28T14:09:44+0000	CODE_SMELL	"unused / "	com.mycompany:CupCake:src/main/java/logic/Cupcake.java		default-organization	{startLine=3.0, endLine=3.0, startOffset=0.0, endOffset=20.0}	2min	AW4Ss_BUkMvoHfz8J1ag	c36d0255e6b002b93da03625d3f6ad82	OPEN
MINOR	2019-10-28T14:09:44+0000		41.0		false	squid:S1488	com.mycompany:CupCake	2min	"Immediately return this expression instead of assigning it to the temporary variable ""price""."	2019-10-28T14:09:44+0000	CODE_SMELL	"clumsy / "	com.mycompany:CupCake:src/main/java/logic/Cupcake.java		default-organization	{startLine=41.0, endLine=41.0, startOffset=20.0, endOffset=56.0}	2min	AW4Ss_BTkMvoHfz8J1ae	450e80f7077bebcd43473477d5bfff11	OPEN
MAJOR	2019-10-28T14:09:44+0000		12.0		false	squid:S1118	com.mycompany:CupCake	5min	Add a private constructor to hide the implicit public one.	2019-10-28T14:09:44+0000	CODE_SMELL	"design / "	com.mycompany:CupCake:src/main/java/logic/Encryption.java		default-organization	{startLine=12.0, endLine=12.0, startOffset=13.0, endOffset=23.0}	5min	AW4Ss_B6kMvoHfz8J1ap	7a8122156c4407331bf156dfa614455b	OPEN
-	2019-10-28T14:09:44+0000		28.0		true	squid:S4790	com.mycompany:CupCake	-	Make sure that hashing data is safe here.	2019-10-28T14:09:44+0000	SECURITY_HOTSPOT	"cwe / owasp-a3 / owasp-a6 / sans-top25-porous / spring / "	com.mycompany:CupCake:src/main/java/logic/Encryption.java		default-organization	{startLine=28.0, endLine=28.0, startOffset=41.0, endOffset=52.0}	-	AW4Ss_B6kMvoHfz8J1aq	f0dbd02f4ec9672abe9934b1443aa660	TO_REVIEW
MINOR	2019-10-28T14:09:44+0000		19.0		false	squid:RedundantThrowsDeclarationCheck	com.mycompany:CupCake	5min	Remove the declaration of thrown exception 'java.lang.IllegalArgumentException' which is a runtime exception.	2019-10-28T14:09:44+0000	CODE_SMELL	"clumsy / error-handling / redundant / unused / "	com.mycompany:CupCake:src/main/java/logic/LineItem.java		default-organization	{startLine=19.0, endLine=19.0, startOffset=58.0, endOffset=82.0}	5min	AW4Ss_BokMvoHfz8J1am	3d67843801936b364c17f1c97e8d4ab0	OPEN
MINOR	2019-10-28T14:09:44+0000		33.0		false	squid:S1488	com.mycompany:CupCake	2min	"Immediately return this expression instead of assigning it to the temporary variable ""totalPrice""."	2019-10-28T14:09:44+0000	CODE_SMELL	"clumsy / "	com.mycompany:CupCake:src/main/java/logic/LineItem.java		default-organization	{startLine=33.0, endLine=33.0, startOffset=25.0, endOffset=52.0}	2min	AW4Ss_BokMvoHfz8J1al	f27034dbdad5cff134d07367d57b049d	OPEN
MINOR	2019-10-28T14:09:44+0000		4.0		false	squid:UselessImportCheck	com.mycompany:CupCake	2min	Remove this unused import 'javax.ejb.Local'.	2019-10-28T14:09:44+0000	CODE_SMELL	"unused / "	com.mycompany:CupCake:src/main/java/logic/LogicFacade.java		default-organization	{startLine=4.0, endLine=4.0, startOffset=0.0, endOffset=23.0}	2min	AW4Ss_CdkMvoHfz8J1av	df7ad29a1b7fb2ad395f6784de52b844	OPEN
MINOR	2019-10-28T14:09:44+0000		6.0		false	squid:UselessImportCheck	com.mycompany:CupCake	2min	Remove this unused import 'java.sql.SQLException'.	2019-10-28T14:09:44+0000	CODE_SMELL	"unused / "	com.mycompany:CupCake:src/main/java/logic/LogicFacade.java		default-organization	{startLine=6.0, endLine=6.0, startOffset=0.0, endOffset=29.0}	2min	AW4Ss_CdkMvoHfz8J1au	7da68f67a145d24c5276f88d59ccaa53	OPEN
MINOR	2019-10-28T14:09:44+0000		8.0		false	squid:UselessImportCheck	com.mycompany:CupCake	2min	Remove this unused import 'java.util.ArrayList'.	2019-10-28T14:09:44+0000	CODE_SMELL	"unused / "	com.mycompany:CupCake:src/main/java/logic/LogicFacade.java		default-organization	{startLine=8.0, endLine=8.0, startOffset=0.0, endOffset=27.0}	2min	AW4Ss_CdkMvoHfz8J1aw	391715e38dad3a13b75205d527e82c8a	OPEN
MAJOR	2019-10-28T14:09:44+0000		21.0		false	squid:S00108	com.mycompany:CupCake	5min	Either remove or fill this block of code.	2019-10-28T14:09:44+0000	CODE_SMELL	"suspicious / "	com.mycompany:CupCake:src/main/java/logic/LogicFacade.java		default-organization	{startLine=21.0, endLine=21.0, startOffset=32.0, endOffset=33.0}	5min	AW4Ss_CdkMvoHfz8J1ax	6b2decb38be3882440910fd75ec508cd	OPEN
INFO	2019-10-28T14:09:44+0000		42.0		false	squid:S1135	com.mycompany:CupCake	-	Complete the task associated to this TODO comment.	2019-10-28T14:09:44+0000	CODE_SMELL	"cwe / "	com.mycompany:CupCake:src/main/java/logic/LogicFacade.java		default-organization	{startLine=42.0, endLine=42.0, startOffset=0.0, endOffset=56.0}	-	AW4Ss_CdkMvoHfz8J1ay	b6207392607f917c0b22f7654a7c4aec	OPEN
MAJOR	2019-10-28T14:09:44+0000		48.0		false	squid:S1172	com.mycompany:CupCake	5min	"Remove this unused method parameter ""picturePath""."	2019-10-28T14:09:44+0000	CODE_SMELL	"cert / unused / "	com.mycompany:CupCake:src/main/java/logic/LogicFacade.java	"{locations=[{component=com.mycompany:CupCake:src/main/java/logic/LogicFacade.java, textRange={startLine=48.0, endLine=48.0, startOffset=62.0, endOffset=73.0}, msg=Remove this unused method parameter picturePath"".}]} / "	default-organization	{startLine=48.0, endLine=48.0, startOffset=62.0, endOffset=73.0}	5min	AW4Ss_CdkMvoHfz8J1az	7da6a78063467a819f87a28702c22c38	OPEN
MAJOR	2019-10-28T14:09:44+0000		65.0		false	squid:S1172	com.mycompany:CupCake	5min	"Remove this unused method parameter ""picturePath""."	2019-10-28T14:09:44+0000	CODE_SMELL	"cert / unused / "	com.mycompany:CupCake:src/main/java/logic/LogicFacade.java	"{locations=[{component=com.mycompany:CupCake:src/main/java/logic/LogicFacade.java, textRange={startLine=65.0, endLine=65.0, startOffset=64.0, endOffset=75.0}, msg=Remove this unused method parameter picturePath"".}]} / "	default-organization	{startLine=65.0, endLine=65.0, startOffset=64.0, endOffset=75.0}	5min	AW4Ss_CdkMvoHfz8J1a0	85078d023f769af880b53dea32bc2950	OPEN
MINOR	2019-10-28T14:09:44+0000		18.0		false	squid:EmptyStatementUsageCheck	com.mycompany:CupCake	2min	Remove this empty statement.	2019-10-28T14:09:44+0000	CODE_SMELL	"cert / unused / "	com.mycompany:CupCake:src/main/java/logic/Order.java		default-organization	{startLine=18.0, endLine=18.0, startOffset=21.0, endOffset=22.0}	2min	AW4Ss_CDkMvoHfz8J1ar	f775b249a0d13584ff4188023d243368	OPEN
MINOR	2019-10-28T14:09:44+0000		22.0		false	squid:RedundantThrowsDeclarationCheck	com.mycompany:CupCake	5min	Remove the declaration of thrown exception 'java.lang.IllegalArgumentException' which is a runtime exception.	2019-10-28T14:09:44+0000	CODE_SMELL	"clumsy / error-handling / redundant / unused / "	com.mycompany:CupCake:src/main/java/logic/Topping.java		default-organization	{startLine=22.0, endLine=22.0, startOffset=50.0, endOffset=74.0}	5min	AW4Ss_CMkMvoHfz8J1as	9eb710862dc4fb12b8b62008544665f6	OPEN
MINOR	2019-10-28T14:09:44+0000		58.0		false	squid:RedundantThrowsDeclarationCheck	com.mycompany:CupCake	5min	Remove the declaration of thrown exception 'java.lang.IllegalArgumentException' which is a runtime exception.	2019-10-28T14:09:44+0000	CODE_SMELL	"clumsy / error-handling / redundant / unused / "	com.mycompany:CupCake:src/main/java/logic/Topping.java		default-organization	{startLine=58.0, endLine=58.0, startOffset=43.0, endOffset=67.0}	5min	AW4Ss_CMkMvoHfz8J1at	9ce76323b6e704ef5d9d0c8e989bcdd4	OPEN
BLOCKER	2019-10-28T14:09:44+0000		48.0		false	squid:S1845	com.mycompany:CupCake	10min	"Rename method ""getID"" to prevent any misunderstanding/clash with method ""getId"" defined in superclass ""logic.BaseEntity""."	2019-10-28T14:09:44+0000	CODE_SMELL	"confusing / "	com.mycompany:CupCake:src/main/java/logic/User.java		default-organization	{startLine=48.0, endLine=48.0, startOffset=15.0, endOffset=20.0}	10min	AW4Ss_CpkMvoHfz8J1a1	4dcef9639d29f357aac0f3dfff516de0	OPEN
BLOCKER	2019-10-28T14:09:44+0000		54.0		false	squid:S1845	com.mycompany:CupCake	10min	"Rename method ""setID"" to prevent any misunderstanding/clash with method ""setId"" defined in superclass ""logic.BaseEntity""."	2019-10-28T14:09:44+0000	CODE_SMELL	"confusing / "	com.mycompany:CupCake:src/main/java/logic/User.java		default-organization	{startLine=54.0, endLine=54.0, startOffset=16.0, endOffset=21.0}	10min	AW4Ss_CpkMvoHfz8J1a2	180b3c6900998452c8b723bbbb2424aa	OPEN
MAJOR	2019-10-28T14:09:44+0000		29.0		false	squid:CommentedOutCodeLine	com.mycompany:CupCake	5min	This block of commented-out lines of code should be removed.	2019-10-28T14:09:44+0000	CODE_SMELL	"unused / "	com.mycompany:CupCake:src/main/java/persistence/BottomMapper.java		default-organization	{startLine=29.0, endLine=29.0, startOffset=0.0, endOffset=72.0}	5min	AW4Ss-9YkMvoHfz8J1Yk	fa6767c41efab3d7df131ab8f6dbceca	OPEN
MAJOR	2019-10-28T14:09:44+0000		37.0		false	squid:CommentedOutCodeLine	com.mycompany:CupCake	5min	This block of commented-out lines of code should be removed.	2019-10-28T14:09:44+0000	CODE_SMELL	"unused / "	com.mycompany:CupCake:src/main/java/persistence/BottomMapper.java		default-organization	{startLine=37.0, endLine=37.0, startOffset=0.0, endOffset=53.0}	5min	AW4Ss-9ZkMvoHfz8J1Yl	989a4d2ed1a58226062cb704df9888c5	OPEN
MINOR	2019-10-28T14:09:44+0000		6.0		false	squid:UselessImportCheck	com.mycompany:CupCake	2min	Remove this unused import 'java.io.FileNotFoundException'.	2019-10-28T14:09:44+0000	CODE_SMELL	"unused / "	com.mycompany:CupCake:src/main/java/persistence/DataSource.java		default-organization	{startLine=6.0, endLine=6.0, startOffset=0.0, endOffset=37.0}	2min	AW4Ss--NkMvoHfz8J1Y8	5cb6e4d8f3e7b56a26deff4676cba0ab	OPEN
MAJOR	2019-10-28T14:09:44+0000		25.0		false	squid:S3010	com.mycompany:CupCake	20min	"Remove this assignment of ""properties""."	2019-10-28T14:09:44+0000	CODE_SMELL		com.mycompany:CupCake:src/main/java/persistence/DataSource.java	"{locations=[{component=com.mycompany:CupCake:src/main/java/persistence/DataSource.java, textRange={startLine=19.0, endLine=19.0, startOffset=4.0, endOffset=41.0}}]} / "	default-organization	{startLine=25.0, endLine=25.0, startOffset=12.0, endOffset=22.0}	20min	AW4Ss--NkMvoHfz8J1Y9	88fee0ddcc3085af8d957745a36436bf	OPEN
MINOR	2019-10-28T14:09:44+0000		28.0		false	squid:S1659	com.mycompany:CupCake	2min	"Declare ""filePassword"" on a separate line."	2019-10-28T14:09:44+0000	CODE_SMELL	"cert / convention / "	com.mycompany:CupCake:src/main/java/persistence/DataSource.java		default-organization	{startLine=28.0, endLine=28.0, startOffset=30.0, endOffset=42.0}	2min	AW4Ss--NkMvoHfz8J1Y-	066f451b53daa26f0c9705462a4c7f62	OPEN
MINOR	2019-10-28T14:09:44+0000		28.0		false	squid:S1659	com.mycompany:CupCake	2min	"Declare ""fileURL"" on a separate line."	2019-10-28T14:09:44+0000	CODE_SMELL	"cert / convention / "	com.mycompany:CupCake:src/main/java/persistence/DataSource.java		default-organization	{startLine=28.0, endLine=28.0, startOffset=49.0, endOffset=56.0}	2min	AW4Ss--NkMvoHfz8J1Y_	066f451b53daa26f0c9705462a4c7f62	OPEN
BLOCKER	2019-10-28T14:09:44+0000		54.0		false	squid:S2095	com.mycompany:CupCake	5min	"Use try-with-resources or close this ""PreparedStatement"" in a ""finally"" clause."	2019-10-28T14:09:44+0000	BUG	"cert / cwe / denial-of-service / leak / "	com.mycompany:CupCake:src/main/java/persistence/DataSource.java		default-organization	{startLine=54.0, endLine=54.0, startOffset=20.0, endOffset=80.0}	5min	AW4Ss--NkMvoHfz8J1Y5	a3736ada41a5306ba34c4aade80ef585	OPEN
MINOR	2019-10-28T14:09:44+0000		54.0		false	squid:S1226	com.mycompany:CupCake	5min	"Introduce a new variable instead of reusing the parameter ""statement""."	2019-10-28T14:09:44+0000	BUG		com.mycompany:CupCake:src/main/java/persistence/DataSource.java		default-organization	{startLine=54.0, endLine=54.0, startOffset=8.0, endOffset=17.0}	5min	AW4Ss--NkMvoHfz8J1Y7	a3736ada41a5306ba34c4aade80ef585	OPEN
BLOCKER	2019-10-28T14:09:44+0000		55.0		false	squid:S2095	com.mycompany:CupCake	5min	"Use try-with-resources or close this ""ResultSet"" in a ""finally"" clause."	2019-10-28T14:09:44+0000	BUG	"cert / cwe / denial-of-service / leak / "	com.mycompany:CupCake:src/main/java/persistence/DataSource.java		default-organization	{startLine=55.0, endLine=55.0, startOffset=23.0, endOffset=47.0}	5min	AW4Ss--NkMvoHfz8J1Y6	a08f269e8f057f4f7277f0f9c3a5ef50	OPEN
MINOR	2019-10-28T14:09:44+0000		25.0		false	squid:S1319	com.mycompany:CupCake	10min	"The return type of this method should be an interface such as ""List"" rather than the implementation ""ArrayList""."	2019-10-28T14:09:44+0000	CODE_SMELL	"bad-practice / "	com.mycompany:CupCake:src/main/java/persistence/OrderMapper.java		default-organization	{startLine=25.0, endLine=25.0, startOffset=11.0, endOffset=27.0}	10min	AW4Ss--dkMvoHfz8J1ZG	8244d5f20a152c383b36ff9390ebd1f9	OPEN
BLOCKER	2019-10-28T14:09:44+0000		31.0		false	squid:S2095	com.mycompany:CupCake	5min	"Use try-with-resources or close this ""ResultSet"" in a ""finally"" clause."	2019-10-28T14:09:44+0000	BUG	"cert / cwe / denial-of-service / leak / "	com.mycompany:CupCake:src/main/java/persistence/OrderMapper.java		default-organization	{startLine=31.0, endLine=31.0, startOffset=27.0, endOffset=51.0}	5min	AW4Ss--dkMvoHfz8J1ZE	a08f269e8f057f4f7277f0f9c3a5ef50	OPEN
MINOR	2019-10-28T14:09:44+0000		39.0		false	squid:S1155	com.mycompany:CupCake	2min	Use isEmpty() to check whether the collection is empty or not.	2019-10-28T14:09:44+0000	CODE_SMELL	"clumsy / "	com.mycompany:CupCake:src/main/java/persistence/OrderMapper.java		default-organization	{startLine=39.0, endLine=39.0, startOffset=16.0, endOffset=34.0}	2min	AW4Ss--dkMvoHfz8J1ZK	928462c78a7c4056d9ee20ec60f86361	OPEN
BLOCKER	2019-10-28T14:09:44+0000		46.0		false	squid:S2095	com.mycompany:CupCake	5min	"Use try-with-resources or close this ""ResultSet"" in a ""finally"" clause."	2019-10-28T14:09:44+0000	BUG	"cert / cwe / denial-of-service / leak / "	com.mycompany:CupCake:src/main/java/persistence/OrderMapper.java		default-organization	{startLine=46.0, endLine=46.0, startOffset=46.0, endOffset=68.0}	5min	AW4Ss--dkMvoHfz8J1ZC	25378b489723b4bbb863958e852e3e00	OPEN
MAJOR	2019-10-28T14:09:44+0000		53.0		false	squid:CommentedOutCodeLine	com.mycompany:CupCake	5min	This block of commented-out lines of code should be removed.	2019-10-28T14:09:44+0000	CODE_SMELL	"unused / "	com.mycompany:CupCake:src/main/java/persistence/OrderMapper.java		default-organization	{startLine=53.0, endLine=53.0, startOffset=0.0, endOffset=86.0}	5min	AW4Ss--ekMvoHfz8J1ZO	4999b4dabdd52f26c09aa41a8b3e1768	OPEN
MAJOR	2019-10-28T14:09:44+0000		60.0		false	squid:CommentedOutCodeLine	com.mycompany:CupCake	5min	This block of commented-out lines of code should be removed.	2019-10-28T14:09:44+0000	CODE_SMELL	"unused / "	com.mycompany:CupCake:src/main/java/persistence/OrderMapper.java		default-organization	{startLine=60.0, endLine=60.0, startOffset=0.0, endOffset=84.0}	5min	AW4Ss--ekMvoHfz8J1ZP	fd634b7c03a8999f37a6e07d91e277b4	OPEN
CRITICAL	2019-10-28T14:09:44+0000		89.0		false	squid:S3776	com.mycompany:CupCake	10min	Refactor this method to reduce its Cognitive Complexity from 20 to the 15 allowed.	2019-10-28T14:09:44+0000	CODE_SMELL	"brain-overload / "	com.mycompany:CupCake:src/main/java/persistence/OrderMapper.java	"{locations=[{component=com.mycompany:CupCake:src/main/java/persistence/OrderMapper.java, textRange={startLine=93.0, endLine=93.0, startOffset=12.0, endOffset=15.0}, msg=+1}]} / {locations=[{component=com.mycompany:CupCake:src/main/java/persistence/OrderMapper.java, textRange={startLine=97.0, endLine=97.0, startOffset=16.0, endOffset=18.0}, msg=+2 (incl 1 for nesting)}]} / {locations=[{component=com.mycompany:CupCake:src/main/java/persistence/OrderMapper.java, textRange={startLine=102.0, endLine=102.0, startOffset=24.0, endOffset=26.0}, msg=+3 (incl 2 for nesting)}]} / {locations=[{component=com.mycompany:CupCake:src/main/java/persistence/OrderMapper.java, textRange={startLine=119.0, endLine=119.0, startOffset=16.0, endOffset=18.0}, msg=+1}]} / {locations=[{component=com.mycompany:CupCake:src/main/java/persistence/OrderMapper.java, textRange={startLine=122.0, endLine=122.0, startOffset=16.0, endOffset=18.0}, msg=+1}]} / {locations=[{component=com.mycompany:CupCake:src/main/java/persistence/OrderMapper.java, textRange={startLine=134.0, endLine=134.0, startOffset=16.0, endOffset=19.0}, msg=+1}]} / {locations=[{component=com.mycompany:CupCake:src/main/java/persistence/OrderMapper.java, textRange={startLine=138.0, endLine=138.0, startOffset=20.0, endOffset=22.0}, msg=+2 (incl 1 for nesting)}]} / {locations=[{component=com.mycompany:CupCake:src/main/java/persistence/OrderMapper.java, textRange={startLine=150.0, endLine=150.0, startOffset=16.0, endOffset=18.0}, msg=+1}]} / {locations=[{component=com.mycompany:CupCake:src/main/java/persistence/OrderMapper.java, textRange={startLine=152.0, endLine=152.0, startOffset=20.0, endOffset=22.0}, msg=+2 (incl 1 for nesting)}]} / {locations=[{component=com.mycompany:CupCake:src/main/java/persistence/OrderMapper.java, textRange={startLine=157.0, endLine=157.0, startOffset=28.0, endOffset=30.0}, msg=+3 (incl 2 for nesting)}]} / {locations=[{component=com.mycompany:CupCake:src/main/java/persistence/OrderMapper.java, textRange={startLine=164.0, endLine=164.0, startOffset=20.0, endOffset=24.0}, msg=+1}]} / {locations=[{component=com.mycompany:CupCake:src/main/java/persistence/OrderMapper.java, textRange={startLine=167.0, endLine=167.0, startOffset=18.0, endOffset=22.0}, msg=+1}]} / {locations=[{component=com.mycompany:CupCake:src/main/java/persistence/OrderMapper.java, textRange={startLine=172.0, endLine=172.0, startOffset=10.0, endOffset=15.0}, msg=+1}]} / "	default-organization	{startLine=89.0, endLine=89.0, startOffset=17.0, endOffset=28.0}	10min	AW4Ss--dkMvoHfz8J1ZL	b71b5eb48974570a3d66db92ac5c6249	OPEN
BLOCKER	2019-10-28T14:09:44+0000		95.0		false	squid:S2095	com.mycompany:CupCake	5min	"Use try-with-resources or close this ""ResultSet"" in a ""finally"" clause."	2019-10-28T14:09:44+0000	BUG	"cert / cwe / denial-of-service / leak / "	com.mycompany:CupCake:src/main/java/persistence/OrderMapper.java		default-organization	{startLine=95.0, endLine=95.0, startOffset=31.0, endOffset=48.0}	5min	AW4Ss--dkMvoHfz8J1ZF	778f83a5cc3a7cf117f9c6f0a4e04335	OPEN
BLOCKER	2019-10-28T14:09:44+0000		101.0		false	squid:S2695	com.mycompany:CupCake	2min	"This ""PreparedStatement"" only has 2 parameters."	2019-10-28T14:09:44+0000	BUG	"sql / "	com.mycompany:CupCake:src/main/java/persistence/OrderMapper.java		default-organization	{startLine=101.0, endLine=101.0, startOffset=41.0, endOffset=42.0}	2min	AW4Ss--dkMvoHfz8J1ZM	a66d46de73c3e980ab36c102d455f3b9	OPEN
MINOR	2019-10-28T14:09:44+0000		107.0		false	squid:S00117	com.mycompany:CupCake	2min	Rename this local variable to match the regular expression '^[a-z][a-zA-Z0-9]*$'.	2019-10-28T14:09:44+0000	CODE_SMELL	"convention / "	com.mycompany:CupCake:src/main/java/persistence/OrderMapper.java		default-organization	{startLine=107.0, endLine=107.0, startOffset=28.0, endOffset=37.0}	2min	AW4Ss--dkMvoHfz8J1ZH	dee051b456c1e5a10344226a1d15bcd3	OPEN
MINOR	2019-10-28T14:09:44+0000		114.0		false	squid:S1481	com.mycompany:CupCake	5min	"Remove this unused ""orderID"" local variable."	2019-10-28T14:09:44+0000	CODE_SMELL	"unused / "	com.mycompany:CupCake:src/main/java/persistence/OrderMapper.java		default-organization	{startLine=114.0, endLine=114.0, startOffset=16.0, endOffset=23.0}	5min	AW4Ss--dkMvoHfz8J1ZN	07894f2cb5aa044c3081c13072dfc45b	OPEN
MINOR	2019-10-28T14:09:44+0000		128.0		false	squid:S00117	com.mycompany:CupCake	2min	Rename this local variable to match the regular expression '^[a-z][a-zA-Z0-9]*$'.	2019-10-28T14:09:44+0000	CODE_SMELL	"convention / "	com.mycompany:CupCake:src/main/java/persistence/OrderMapper.java		default-organization	{startLine=128.0, endLine=128.0, startOffset=20.0, endOffset=27.0}	2min	AW4Ss--dkMvoHfz8J1ZI	0b205117a5df2e23ae2f9f08a12f648d	OPEN
BLOCKER	2019-10-28T14:09:44+0000		149.0		false	squid:S2095	com.mycompany:CupCake	5min	"Use try-with-resources or close this ""ResultSet"" in a ""finally"" clause."	2019-10-28T14:09:44+0000	BUG	"cert / cwe / denial-of-service / leak / "	com.mycompany:CupCake:src/main/java/persistence/OrderMapper.java		default-organization	{startLine=149.0, endLine=149.0, startOffset=36.0, endOffset=67.0}	5min	AW4Ss--dkMvoHfz8J1ZD	b018481f7516e3b24ec7ee8cc6d91420	OPEN
BLOCKER	2019-10-28T14:09:44+0000		187.0		false	squid:S2095	com.mycompany:CupCake	5min	"Use try-with-resources or close this ""ResultSet"" in a ""finally"" clause."	2019-10-28T14:09:44+0000	BUG	"cert / cwe / denial-of-service / leak / "	com.mycompany:CupCake:src/main/java/persistence/OrderMapper.java		default-organization	{startLine=187.0, endLine=187.0, startOffset=27.0, endOffset=51.0}	5min	AW4Ss--dkMvoHfz8J1ZA	a08f269e8f057f4f7277f0f9c3a5ef50	OPEN
MINOR	2019-10-28T14:09:44+0000		193.0		false	squid:S1148	com.mycompany:CupCake	10min	Use a logger to log this exception.	2019-10-28T14:09:44+0000	VULNERABILITY	"cwe / error-handling / owasp-a3 / "	com.mycompany:CupCake:src/main/java/persistence/OrderMapper.java		default-organization	{startLine=193.0, endLine=193.0, startOffset=14.0, endOffset=29.0}	10min	AW4Ss--dkMvoHfz8J1ZJ	2dc1665d31b37f9aa7408939a0365027	OPEN
BLOCKER	2019-10-28T14:09:44+0000		251.0		false	squid:S2095	com.mycompany:CupCake	5min	"Use try-with-resources or close this ""ResultSet"" in a ""finally"" clause."	2019-10-28T14:09:44+0000	BUG	"cert / cwe / denial-of-service / leak / "	com.mycompany:CupCake:src/main/java/persistence/OrderMapper.java		default-organization	{startLine=251.0, endLine=251.0, startOffset=31.0, endOffset=55.0}	5min	AW4Ss--dkMvoHfz8J1ZB	a08f269e8f057f4f7277f0f9c3a5ef50	OPEN
MINOR	2019-10-28T14:09:44+0000		21.0		false	squid:S1659	com.mycompany:CupCake	2min	"Declare ""product_id"" on a separate line."	2019-10-28T14:09:44+0000	CODE_SMELL	"cert / convention / "	com.mycompany:CupCake:src/main/java/persistence/ProductMapper.java		default-organization	{startLine=21.0, endLine=21.0, startOffset=33.0, endOffset=43.0}	2min	AW4Ss--zkMvoHfz8J1Zc	6a372c113a11d071432856397c43f33e	OPEN
MINOR	2019-10-28T14:09:44+0000		21.0		false	squid:S1659	com.mycompany:CupCake	2min	"Declare ""product_name"" on a separate line."	2019-10-28T14:09:44+0000	CODE_SMELL	"cert / convention / "	com.mycompany:CupCake:src/main/java/persistence/ProductMapper.java		default-organization	{startLine=21.0, endLine=21.0, startOffset=50.0, endOffset=62.0}	2min	AW4Ss--zkMvoHfz8J1Zd	6a372c113a11d071432856397c43f33e	OPEN
MINOR	2019-10-28T14:09:44+0000		21.0		false	squid:S1659	com.mycompany:CupCake	2min	"Declare ""product_price"" on a separate line."	2019-10-28T14:09:44+0000	CODE_SMELL	"cert / convention / "	com.mycompany:CupCake:src/main/java/persistence/ProductMapper.java		default-organization	{startLine=21.0, endLine=21.0, startOffset=69.0, endOffset=82.0}	2min	AW4Ss--zkMvoHfz8J1Ze	6a372c113a11d071432856397c43f33e	OPEN
MINOR	2019-10-28T14:09:44+0000		21.0		false	squid:S00116	com.mycompany:CupCake	2min	"Rename this field ""product_id"" to match the regular expression '^[a-z][a-zA-Z0-9]*$'."	2019-10-28T14:09:44+0000	CODE_SMELL	"convention / "	com.mycompany:CupCake:src/main/java/persistence/ProductMapper.java		default-organization	{startLine=21.0, endLine=21.0, startOffset=33.0, endOffset=43.0}	2min	AW4Ss--zkMvoHfz8J1Zf	6a372c113a11d071432856397c43f33e	OPEN
MINOR	2019-10-28T14:09:44+0000		21.0		false	squid:S00116	com.mycompany:CupCake	2min	"Rename this field ""product_name"" to match the regular expression '^[a-z][a-zA-Z0-9]*$'."	2019-10-28T14:09:44+0000	CODE_SMELL	"convention / "	com.mycompany:CupCake:src/main/java/persistence/ProductMapper.java		default-organization	{startLine=21.0, endLine=21.0, startOffset=50.0, endOffset=62.0}	2min	AW4Ss--zkMvoHfz8J1Zg	6a372c113a11d071432856397c43f33e	OPEN
MINOR	2019-10-28T14:09:44+0000		21.0		false	squid:S00116	com.mycompany:CupCake	2min	"Rename this field ""product_price"" to match the regular expression '^[a-z][a-zA-Z0-9]*$'."	2019-10-28T14:09:44+0000	CODE_SMELL	"convention / "	com.mycompany:CupCake:src/main/java/persistence/ProductMapper.java		default-organization	{startLine=21.0, endLine=21.0, startOffset=69.0, endOffset=82.0}	2min	AW4Ss--zkMvoHfz8J1Zh	6a372c113a11d071432856397c43f33e	OPEN
MINOR	2019-10-28T14:09:44+0000		30.0		false	squid:S1319	com.mycompany:CupCake	10min	"The return type of this method should be an interface such as ""List"" rather than the implementation ""ArrayList""."	2019-10-28T14:09:44+0000	CODE_SMELL	"bad-practice / "	com.mycompany:CupCake:src/main/java/persistence/ProductMapper.java		default-organization	{startLine=30.0, endLine=30.0, startOffset=11.0, endOffset=29.0}	10min	AW4Ss--zkMvoHfz8J1ZZ	15921224138694a4b896a543d25a82c3	OPEN
BLOCKER	2019-10-28T14:09:44+0000		35.0		false	squid:S2095	com.mycompany:CupCake	5min	"Use try-with-resources or close this ""ResultSet"" in a ""finally"" clause."	2019-10-28T14:09:44+0000	BUG	"cert / cwe / denial-of-service / leak / "	com.mycompany:CupCake:src/main/java/persistence/ProductMapper.java		default-organization	{startLine=35.0, endLine=35.0, startOffset=27.0, endOffset=44.0}	5min	AW4Ss--ykMvoHfz8J1ZU	778f83a5cc3a7cf117f9c6f0a4e04335	OPEN
INFO	2019-10-28T14:09:44+0000		44.0		false	squid:S1135	com.mycompany:CupCake	-	Complete the task associated to this TODO comment.	2019-10-28T14:09:44+0000	CODE_SMELL	"cwe / "	com.mycompany:CupCake:src/main/java/persistence/ProductMapper.java		default-organization	{startLine=44.0, endLine=44.0, startOffset=0.0, endOffset=45.0}	-	AW4Ss--zkMvoHfz8J1Zi	ae497b88d48f65c84d1d272164a8b0d7	OPEN
MINOR	2019-10-28T14:09:44+0000		45.0		false	squid:S1319	com.mycompany:CupCake	10min	"The return type of this method should be an interface such as ""List"" rather than the implementation ""ArrayList""."	2019-10-28T14:09:44+0000	CODE_SMELL	"bad-practice / "	com.mycompany:CupCake:src/main/java/persistence/ProductMapper.java		default-organization	{startLine=45.0, endLine=45.0, startOffset=11.0, endOffset=30.0}	10min	AW4Ss--zkMvoHfz8J1Za	e40ffba468af69ccc68ef8c9ea2361b5	OPEN
BLOCKER	2019-10-28T14:09:44+0000		50.0		false	squid:S2095	com.mycompany:CupCake	5min	"Use try-with-resources or close this ""ResultSet"" in a ""finally"" clause."	2019-10-28T14:09:44+0000	BUG	"cert / cwe / denial-of-service / leak / "	com.mycompany:CupCake:src/main/java/persistence/ProductMapper.java		default-organization	{startLine=50.0, endLine=50.0, startOffset=27.0, endOffset=44.0}	5min	AW4Ss--ykMvoHfz8J1ZW	778f83a5cc3a7cf117f9c6f0a4e04335	OPEN
BLOCKER	2019-10-28T14:09:44+0000		72.0		false	squid:S2095	com.mycompany:CupCake	5min	"Use try-with-resources or close this ""ResultSet"" in a ""finally"" clause."	2019-10-28T14:09:44+0000	BUG	"cert / cwe / denial-of-service / leak / "	com.mycompany:CupCake:src/main/java/persistence/ProductMapper.java		default-organization	{startLine=72.0, endLine=72.0, startOffset=27.0, endOffset=44.0}	5min	AW4Ss--ykMvoHfz8J1ZS	778f83a5cc3a7cf117f9c6f0a4e04335	OPEN
CRITICAL	2019-10-28T14:09:44+0000		86.0		false	squid:S1192	com.mycompany:CupCake	8min	"Define a constant instead of duplicating this literal ""SELECT * FROM "" 3 times."	2019-10-28T14:09:44+0000	CODE_SMELL	"design / "	com.mycompany:CupCake:src/main/java/persistence/ProductMapper.java	"{locations=[{component=com.mycompany:CupCake:src/main/java/persistence/ProductMapper.java, textRange={startLine=86.0, endLine=86.0, startOffset=21.0, endOffset=37.0}, msg=Duplication}]} / {locations=[{component=com.mycompany:CupCake:src/main/java/persistence/ProductMapper.java, textRange={startLine=162.0, endLine=162.0, startOffset=21.0, endOffset=37.0}, msg=Duplication}]} / {locations=[{component=com.mycompany:CupCake:src/main/java/persistence/ProductMapper.java, textRange={startLine=195.0, endLine=195.0, startOffset=21.0, endOffset=37.0}, msg=Duplication}]} / "	default-organization	{startLine=86.0, endLine=86.0, startOffset=21.0, endOffset=37.0}	8min	AW4Ss--ykMvoHfz8J1ZQ	43469aa11479a808657eb696e515a85d	OPEN
CRITICAL	2019-10-28T14:09:44+0000		86.0		false	squid:S1192	com.mycompany:CupCake	8min	"Define a constant instead of duplicating this literal "" where "" 3 times."	2019-10-28T14:09:44+0000	CODE_SMELL	"design / "	com.mycompany:CupCake:src/main/java/persistence/ProductMapper.java	"{locations=[{component=com.mycompany:CupCake:src/main/java/persistence/ProductMapper.java, textRange={startLine=86.0, endLine=86.0, startOffset=44.0, endOffset=53.0}, msg=Duplication}]} / {locations=[{component=com.mycompany:CupCake:src/main/java/persistence/ProductMapper.java, textRange={startLine=162.0, endLine=162.0, startOffset=44.0, endOffset=53.0}, msg=Duplication}]} / {locations=[{component=com.mycompany:CupCake:src/main/java/persistence/ProductMapper.java, textRange={startLine=195.0, endLine=195.0, startOffset=44.0, endOffset=53.0}, msg=Duplication}]} / "	default-organization	{startLine=86.0, endLine=86.0, startOffset=44.0, endOffset=53.0}	8min	AW4Ss--ykMvoHfz8J1ZR	43469aa11479a808657eb696e515a85d	OPEN
-	2019-10-28T14:09:44+0000		89.0		true	squid:S2077	com.mycompany:CupCake	20min	Ensure that string concatenation is required and safe for this SQL query.	2019-10-28T14:09:44+0000	SECURITY_HOTSPOT	"bad-practice / cert / cwe / hibernate / owasp-a1 / sans-top25-insecure / sql / "	com.mycompany:CupCake:src/main/java/persistence/ProductMapper.java		default-organization	{startLine=89.0, endLine=89.0, startOffset=63.0, endOffset=66.0}	20min	AW4Ss--zkMvoHfz8J1Zj	a51a4894d8e6c0701afc83db039911e7	TO_REVIEW
BLOCKER	2019-10-28T14:09:44+0000		91.0		false	squid:S2095	com.mycompany:CupCake	5min	"Use try-with-resources or close this ""ResultSet"" in a ""finally"" clause."	2019-10-28T14:09:44+0000	BUG	"cert / cwe / denial-of-service / leak / "	com.mycompany:CupCake:src/main/java/persistence/ProductMapper.java		default-organization	{startLine=91.0, endLine=91.0, startOffset=27.0, endOffset=44.0}	5min	AW4Ss--ykMvoHfz8J1ZV	778f83a5cc3a7cf117f9c6f0a4e04335	OPEN
MINOR	2019-10-28T14:09:44+0000		112.0		false	squid:S00117	com.mycompany:CupCake	2min	Rename this local variable to match the regular expression '^[a-z][a-zA-Z0-9]*$'.	2019-10-28T14:09:44+0000	CODE_SMELL	"convention / "	com.mycompany:CupCake:src/main/java/persistence/ProductMapper.java		default-organization	{startLine=112.0, endLine=112.0, startOffset=15.0, endOffset=25.0}	2min	AW4Ss--zkMvoHfz8J1Zb	ceb6bc4270867bf113e084fdfbab3a61	OPEN
MAJOR	2019-10-28T14:09:44+0000		112.0		false	squid:S1854	com.mycompany:CupCake	15min	"Remove this useless assignment to local variable ""ProductPic""."	2019-10-28T14:09:44+0000	CODE_SMELL	"cert / cwe / unused / "	com.mycompany:CupCake:src/main/java/persistence/ProductMapper.java		default-organization	{startLine=112.0, endLine=112.0, startOffset=26.0, endOffset=43.0}	15min	AW4Ss--zkMvoHfz8J1Zk	ceb6bc4270867bf113e084fdfbab3a61	OPEN
MINOR	2019-10-28T14:09:44+0000		112.0		false	squid:S1481	com.mycompany:CupCake	5min	"Remove this unused ""ProductPic"" local variable."	2019-10-28T14:09:44+0000	CODE_SMELL	"unused / "	com.mycompany:CupCake:src/main/java/persistence/ProductMapper.java		default-organization	{startLine=112.0, endLine=112.0, startOffset=15.0, endOffset=25.0}	5min	AW4Ss--zkMvoHfz8J1Zr	ceb6bc4270867bf113e084fdfbab3a61	OPEN
MAJOR	2019-10-28T14:09:44+0000		139.0		false	squid:S1854	com.mycompany:CupCake	15min	"Remove this useless assignment to local variable ""topPic""."	2019-10-28T14:09:44+0000	CODE_SMELL	"cert / cwe / unused / "	com.mycompany:CupCake:src/main/java/persistence/ProductMapper.java		default-organization	{startLine=139.0, endLine=139.0, startOffset=22.0, endOffset=55.0}	15min	AW4Ss--zkMvoHfz8J1Zm	64368d027efbf73fa646d391c85ecc6c	OPEN
MINOR	2019-10-28T14:09:44+0000		139.0		false	squid:S1481	com.mycompany:CupCake	5min	"Remove this unused ""topPic"" local variable."	2019-10-28T14:09:44+0000	CODE_SMELL	"unused / "	com.mycompany:CupCake:src/main/java/persistence/ProductMapper.java		default-organization	{startLine=139.0, endLine=139.0, startOffset=15.0, endOffset=21.0}	5min	AW4Ss--zkMvoHfz8J1Zs	64368d027efbf73fa646d391c85ecc6c	OPEN
MAJOR	2019-10-28T14:09:44+0000		146.0		false	squid:S1854	com.mycompany:CupCake	15min	"Remove this useless assignment to local variable ""botPic""."	2019-10-28T14:09:44+0000	CODE_SMELL	"cert / cwe / unused / "	com.mycompany:CupCake:src/main/java/persistence/ProductMapper.java		default-organization	{startLine=146.0, endLine=146.0, startOffset=22.0, endOffset=54.0}	15min	AW4Ss--zkMvoHfz8J1Zl	8f76dc05a4ccee1efa6301f1f8806772	OPEN
MINOR	2019-10-28T14:09:44+0000		146.0		false	squid:S1481	com.mycompany:CupCake	5min	"Remove this unused ""botPic"" local variable."	2019-10-28T14:09:44+0000	CODE_SMELL	"unused / "	com.mycompany:CupCake:src/main/java/persistence/ProductMapper.java		default-organization	{startLine=146.0, endLine=146.0, startOffset=15.0, endOffset=21.0}	5min	AW4Ss--zkMvoHfz8J1Zt	8f76dc05a4ccee1efa6301f1f8806772	OPEN
-	2019-10-28T14:09:44+0000		164.0		true	squid:S2077	com.mycompany:CupCake	20min	Ensure that string concatenation is required and safe for this SQL query.	2019-10-28T14:09:44+0000	SECURITY_HOTSPOT	"bad-practice / cert / cwe / hibernate / owasp-a1 / sans-top25-insecure / sql / "	com.mycompany:CupCake:src/main/java/persistence/ProductMapper.java		default-organization	{startLine=164.0, endLine=164.0, startOffset=71.0, endOffset=74.0}	20min	AW4Ss--zkMvoHfz8J1Zn	5b6f69ef843a54e66266b00f17278bfa	TO_REVIEW
BLOCKER	2019-10-28T14:09:44+0000		166.0		false	squid:S2095	com.mycompany:CupCake	5min	"Use try-with-resources or close this ""ResultSet"" in a ""finally"" clause."	2019-10-28T14:09:44+0000	BUG	"cert / cwe / denial-of-service / leak / "	com.mycompany:CupCake:src/main/java/persistence/ProductMapper.java		default-organization	{startLine=166.0, endLine=166.0, startOffset=27.0, endOffset=51.0}	5min	AW4Ss--ykMvoHfz8J1ZT	a08f269e8f057f4f7277f0f9c3a5ef50	OPEN
-	2019-10-28T14:09:44+0000		172.0		true	squid:S2077	com.mycompany:CupCake	20min	Ensure that string concatenation is required and safe for this SQL query.	2019-10-28T14:09:44+0000	SECURITY_HOTSPOT	"bad-practice / cert / cwe / hibernate / owasp-a1 / sans-top25-insecure / sql / "	com.mycompany:CupCake:src/main/java/persistence/ProductMapper.java		default-organization	{startLine=172.0, endLine=172.0, startOffset=78.0, endOffset=81.0}	20min	AW4Ss--zkMvoHfz8J1Zo	93fb1e03ae4f90e1e923abe1b9f7bc10	TO_REVIEW
-	2019-10-28T14:09:44+0000		197.0		true	squid:S2077	com.mycompany:CupCake	20min	Ensure that string concatenation is required and safe for this SQL query.	2019-10-28T14:09:44+0000	SECURITY_HOTSPOT	"bad-practice / cert / cwe / hibernate / owasp-a1 / sans-top25-insecure / sql / "	com.mycompany:CupCake:src/main/java/persistence/ProductMapper.java		default-organization	{startLine=197.0, endLine=197.0, startOffset=63.0, endOffset=66.0}	20min	AW4Ss--zkMvoHfz8J1Zp	a51a4894d8e6c0701afc83db039911e7	TO_REVIEW
BLOCKER	2019-10-28T14:09:44+0000		199.0		false	squid:S2095	com.mycompany:CupCake	5min	"Use try-with-resources or close this ""ResultSet"" in a ""finally"" clause."	2019-10-28T14:09:44+0000	BUG	"cert / cwe / denial-of-service / leak / "	com.mycompany:CupCake:src/main/java/persistence/ProductMapper.java		default-organization	{startLine=199.0, endLine=199.0, startOffset=27.0, endOffset=44.0}	5min	AW4Ss--zkMvoHfz8J1ZX	778f83a5cc3a7cf117f9c6f0a4e04335	OPEN
-	2019-10-28T14:09:44+0000		205.0		true	squid:S2077	com.mycompany:CupCake	20min	Ensure that string concatenation is required and safe for this SQL query.	2019-10-28T14:09:44+0000	SECURITY_HOTSPOT	"bad-practice / cert / cwe / hibernate / owasp-a1 / sans-top25-insecure / sql / "	com.mycompany:CupCake:src/main/java/persistence/ProductMapper.java		default-organization	{startLine=205.0, endLine=205.0, startOffset=78.0, endOffset=81.0}	20min	AW4Ss--zkMvoHfz8J1Zq	007f08d95827da43e25d89877bfe66eb	TO_REVIEW
BLOCKER	2019-10-28T14:09:44+0000		224.0		false	squid:S2095	com.mycompany:CupCake	5min	"Use try-with-resources or close this ""ResultSet"" in a ""finally"" clause."	2019-10-28T14:09:44+0000	BUG	"cert / cwe / denial-of-service / leak / "	com.mycompany:CupCake:src/main/java/persistence/ProductMapper.java		default-organization	{startLine=224.0, endLine=224.0, startOffset=27.0, endOffset=51.0}	5min	AW4Ss--zkMvoHfz8J1ZY	a08f269e8f057f4f7277f0f9c3a5ef50	OPEN
CRITICAL	2019-10-28T14:09:44+0000		25.0		false	squid:S1186	com.mycompany:CupCake	5min	Add a nested comment explaining why this method is empty, throw an UnsupportedOperationException or complete the implementation.	2019-10-28T14:09:44+0000	CODE_SMELL	"suspicious / "	com.mycompany:CupCake:src/main/java/persistence/StorageFacade.java		default-organization	{startLine=25.0, endLine=25.0, startOffset=11.0, endOffset=24.0}	5min	AW4Ss-_PkMvoHfz8J1Zw	8b919510108013dde68a9a4f3196f9d8	OPEN
MINOR	2019-10-28T14:09:44+0000		32.0		false	squid:S1319	com.mycompany:CupCake	10min	"The return type of this method should be an interface such as ""List"" rather than the implementation ""ArrayList""."	2019-10-28T14:09:44+0000	CODE_SMELL	"bad-practice / "	com.mycompany:CupCake:src/main/java/persistence/StorageFacade.java		default-organization	{startLine=32.0, endLine=32.0, startOffset=11.0, endOffset=29.0}	10min	AW4Ss-_PkMvoHfz8J1Zu	1baf4f0bcd5a63286c0f174046514809	OPEN
MINOR	2019-10-28T14:09:44+0000		40.0		false	squid:S1319	com.mycompany:CupCake	10min	"The return type of this method should be an interface such as ""List"" rather than the implementation ""ArrayList""."	2019-10-28T14:09:44+0000	CODE_SMELL	"bad-practice / "	com.mycompany:CupCake:src/main/java/persistence/StorageFacade.java		default-organization	{startLine=40.0, endLine=40.0, startOffset=11.0, endOffset=26.0}	10min	AW4Ss-_PkMvoHfz8J1Zv	ae80cf1b78ee122fa92b9e9a06377019	OPEN
MINOR	2019-10-28T14:09:44+0000		53.0		false	squid:RedundantThrowsDeclarationCheck	com.mycompany:CupCake	5min	Remove the declaration of thrown exception 'java.sql.SQLException', as it cannot be thrown from method's body.	2019-10-28T14:09:44+0000	CODE_SMELL	"clumsy / error-handling / redundant / unused / "	com.mycompany:CupCake:src/main/java/persistence/StorageFacade.java		default-organization	{startLine=53.0, endLine=53.0, startOffset=48.0, endOffset=60.0}	5min	AW4Ss-_PkMvoHfz8J1Zx	17d383af66c21afbd0e10a604c5e22cc	OPEN
MAJOR	2019-10-28T14:09:44+0000		74.0		false	squid:CommentedOutCodeLine	com.mycompany:CupCake	5min	This block of commented-out lines of code should be removed.	2019-10-28T14:09:44+0000	CODE_SMELL	"unused / "	com.mycompany:CupCake:src/main/java/persistence/StorageFacade.java		default-organization	{startLine=74.0, endLine=74.0, startOffset=0.0, endOffset=45.0}	5min	AW4Ss-_PkMvoHfz8J1Z0	15bb47798dcec962d58ef8b82e9b4d81	OPEN
MAJOR	2019-10-28T14:09:44+0000		77.0		false	squid:S1168	com.mycompany:CupCake	30min	Return an empty collection instead of null.	2019-10-28T14:09:44+0000	CODE_SMELL	"cert / "	com.mycompany:CupCake:src/main/java/persistence/StorageFacade.java		default-organization	{startLine=77.0, endLine=77.0, startOffset=15.0, endOffset=19.0}	30min	AW4Ss-_PkMvoHfz8J1Zy	540c13e9e156b687226421b24f2df178	OPEN
MAJOR	2019-10-28T14:09:44+0000		88.0		false	squid:CommentedOutCodeLine	com.mycompany:CupCake	5min	This block of commented-out lines of code should be removed.	2019-10-28T14:09:44+0000	CODE_SMELL	"unused / "	com.mycompany:CupCake:src/main/java/persistence/StorageFacade.java		default-organization	{startLine=88.0, endLine=88.0, startOffset=0.0, endOffset=47.0}	5min	AW4Ss-_PkMvoHfz8J1Z1	1fdbdc43121fe02d8f04b634cb6e01e2	OPEN
MAJOR	2019-10-28T14:09:44+0000		91.0		false	squid:S1168	com.mycompany:CupCake	30min	Return an empty collection instead of null.	2019-10-28T14:09:44+0000	CODE_SMELL	"cert / "	com.mycompany:CupCake:src/main/java/persistence/StorageFacade.java		default-organization	{startLine=91.0, endLine=91.0, startOffset=15.0, endOffset=19.0}	30min	AW4Ss-_PkMvoHfz8J1Zz	540c13e9e156b687226421b24f2df178	OPEN
BLOCKER	2019-10-28T14:09:44+0000		34.0		false	squid:S2095	com.mycompany:CupCake	5min	"Use try-with-resources or close this ""PreparedStatement"" in a ""finally"" clause."	2019-10-28T14:09:44+0000	BUG	"cert / cwe / denial-of-service / leak / "	com.mycompany:CupCake:src/main/java/persistence/UserMapper.java		default-organization	{startLine=34.0, endLine=34.0, startOffset=35.0, endOffset=67.0}	5min	AW4Ss-9ykMvoHfz8J1Yn	d6f4d7ad905b5a60aa47b875187c0888	OPEN
BLOCKER	2019-10-28T14:09:44+0000		37.0		false	squid:S2095	com.mycompany:CupCake	5min	"Use try-with-resources or close this ""ResultSet"" in a ""finally"" clause."	2019-10-28T14:09:44+0000	BUG	"cert / cwe / denial-of-service / leak / "	com.mycompany:CupCake:src/main/java/persistence/UserMapper.java		default-organization	{startLine=37.0, endLine=37.0, startOffset=27.0, endOffset=44.0}	5min	AW4Ss-9zkMvoHfz8J1Ys	778f83a5cc3a7cf117f9c6f0a4e04335	OPEN
MINOR	2019-10-28T14:09:44+0000		39.0		false	squid:S1481	com.mycompany:CupCake	5min	"Remove this unused ""id"" local variable."	2019-10-28T14:09:44+0000	CODE_SMELL	"unused / "	com.mycompany:CupCake:src/main/java/persistence/UserMapper.java		default-organization	{startLine=39.0, endLine=39.0, startOffset=20.0, endOffset=22.0}	5min	AW4Ss-9zkMvoHfz8J1Y4	cc20d8793acc2563a68889a3020890ab	OPEN
BLOCKER	2019-10-28T14:09:44+0000		43.0		false	squid:S2095	com.mycompany:CupCake	5min	"Use try-with-resources or close this ""PreparedStatement"" in a ""finally"" clause."	2019-10-28T14:09:44+0000	BUG	"cert / cwe / denial-of-service / leak / "	com.mycompany:CupCake:src/main/java/persistence/UserMapper.java		default-organization	{startLine=43.0, endLine=43.0, startOffset=17.0, endOffset=49.0}	5min	AW4Ss-9zkMvoHfz8J1Yu	02ad66fb952ee520107bb48a2e2a2c31	OPEN
BLOCKER	2019-10-28T14:09:44+0000		44.0		false	squid:S2095	com.mycompany:CupCake	5min	"Use try-with-resources or close this ""ResultSet"" in a ""finally"" clause."	2019-10-28T14:09:44+0000	BUG	"cert / cwe / denial-of-service / leak / "	com.mycompany:CupCake:src/main/java/persistence/UserMapper.java		default-organization	{startLine=44.0, endLine=44.0, startOffset=17.0, endOffset=34.0}	5min	AW4Ss-9zkMvoHfz8J1Yv	936327f616a893389acca6898ee87b00	OPEN
MINOR	2019-10-28T14:09:44+0000		62.0		false	squid:S1319	com.mycompany:CupCake	10min	"The return type of this method should be an interface such as ""List"" rather than the implementation ""ArrayList""."	2019-10-28T14:09:44+0000	CODE_SMELL	"bad-practice / "	com.mycompany:CupCake:src/main/java/persistence/UserMapper.java		default-organization	{startLine=62.0, endLine=62.0, startOffset=11.0, endOffset=26.0}	10min	AW4Ss-9zkMvoHfz8J1Yx	a1c9e5fcc758d980b2480a76365b146a	OPEN
BLOCKER	2019-10-28T14:09:44+0000		67.0		false	squid:S2095	com.mycompany:CupCake	5min	"Use try-with-resources or close this ""ResultSet"" in a ""finally"" clause."	2019-10-28T14:09:44+0000	BUG	"cert / cwe / denial-of-service / leak / "	com.mycompany:CupCake:src/main/java/persistence/UserMapper.java		default-organization	{startLine=67.0, endLine=67.0, startOffset=27.0, endOffset=44.0}	5min	AW4Ss-9zkMvoHfz8J1Yt	778f83a5cc3a7cf117f9c6f0a4e04335	OPEN
CRITICAL	2019-10-28T14:09:44+0000		83.0		false	squid:S3776	com.mycompany:CupCake	8min	Refactor this method to reduce its Cognitive Complexity from 18 to the 15 allowed.	2019-10-28T14:09:44+0000	CODE_SMELL	"brain-overload / "	com.mycompany:CupCake:src/main/java/persistence/UserMapper.java	"{locations=[{component=com.mycompany:CupCake:src/main/java/persistence/UserMapper.java, textRange={startLine=89.0, endLine=89.0, startOffset=12.0, endOffset=14.0}, msg=+1}]} / {locations=[{component=com.mycompany:CupCake:src/main/java/persistence/UserMapper.java, textRange={startLine=91.0, endLine=91.0, startOffset=14.0, endOffset=18.0}, msg=+1}]} / {locations=[{component=com.mycompany:CupCake:src/main/java/persistence/UserMapper.java, textRange={startLine=98.0, endLine=98.0, startOffset=24.0, endOffset=26.0}, msg=+2 (incl 1 for nesting)}]} / {locations=[{component=com.mycompany:CupCake:src/main/java/persistence/UserMapper.java, textRange={startLine=106.0, endLine=106.0, startOffset=24.0, endOffset=26.0}, msg=+2 (incl 1 for nesting)}]} / {locations=[{component=com.mycompany:CupCake:src/main/java/persistence/UserMapper.java, textRange={startLine=115.0, endLine=115.0, startOffset=24.0, endOffset=29.0}, msg=+2 (incl 1 for nesting)}]} / {locations=[{component=com.mycompany:CupCake:src/main/java/persistence/UserMapper.java, textRange={startLine=120.0, endLine=120.0, startOffset=32.0, endOffset=34.0}, msg=+3 (incl 2 for nesting)}]} / {locations=[{component=com.mycompany:CupCake:src/main/java/persistence/UserMapper.java, textRange={startLine=130.0, endLine=130.0, startOffset=24.0, endOffset=26.0}, msg=+2 (incl 1 for nesting)}]} / {locations=[{component=com.mycompany:CupCake:src/main/java/persistence/UserMapper.java, textRange={startLine=138.0, endLine=138.0, startOffset=24.0, endOffset=26.0}, msg=+2 (incl 1 for nesting)}]} / {locations=[{component=com.mycompany:CupCake:src/main/java/persistence/UserMapper.java, textRange={startLine=144.0, endLine=144.0, startOffset=18.0, endOffset=23.0}, msg=+2 (incl 1 for nesting)}]} / {locations=[{component=com.mycompany:CupCake:src/main/java/persistence/UserMapper.java, textRange={startLine=151.0, endLine=151.0, startOffset=9.0, endOffset=14.0}, msg=+1}]} / "	default-organization	{startLine=83.0, endLine=83.0, startOffset=16.0, endOffset=26.0}	8min	AW4Ss-9zkMvoHfz8J1Y3	6a4c4603bbe7b6997521ba4907485dc1	OPEN
BLOCKER	2019-10-28T14:09:44+0000		88.0		false	squid:S2095	com.mycompany:CupCake	5min	"Use try-with-resources or close this ""ResultSet"" in a ""finally"" clause."	2019-10-28T14:09:44+0000	BUG	"cert / cwe / denial-of-service / leak / "	com.mycompany:CupCake:src/main/java/persistence/UserMapper.java		default-organization	{startLine=88.0, endLine=88.0, startOffset=27.0, endOffset=44.0}	5min	AW4Ss-9ykMvoHfz8J1Yo	778f83a5cc3a7cf117f9c6f0a4e04335	OPEN
MAJOR	2019-10-28T14:09:44+0000		93.0		false	squid:S1141	com.mycompany:CupCake	20min	Extract this nested try block into a separate method.	2019-10-28T14:09:44+0000	CODE_SMELL	"confusing / error-handling / "	com.mycompany:CupCake:src/main/java/persistence/UserMapper.java	"{locations=[{component=com.mycompany:CupCake:src/main/java/persistence/UserMapper.java, textRange={startLine=85.0, endLine=85.0, startOffset=8.0, endOffset=11.0}, msg=Nesting + 1}]} / "	default-organization	{startLine=93.0, endLine=93.0, startOffset=16.0, endOffset=19.0}	20min	AW4Ss-9zkMvoHfz8J1Yy	80d5b17efc16ace990c07580fc3e85eb	OPEN
BLOCKER	2019-10-28T14:09:44+0000		114.0		false	squid:S2095	com.mycompany:CupCake	5min	"Use try-with-resources or close this ""ResultSet"" in a ""finally"" clause."	2019-10-28T14:09:44+0000	BUG	"cert / cwe / denial-of-service / leak / "	com.mycompany:CupCake:src/main/java/persistence/UserMapper.java		default-organization	{startLine=114.0, endLine=114.0, startOffset=43.0, endOffset=64.0}	5min	AW4Ss-9zkMvoHfz8J1Yr	a3faf6c6391cfb2c0286b9e8512a6cb1	OPEN
CRITICAL	2019-10-28T14:09:44+0000		139.0		false	squid:S1192	com.mycompany:CupCake	8min	"Define a constant instead of duplicating this literal ""User could not be deleted"" 3 times."	2019-10-28T14:09:44+0000	CODE_SMELL	"design / "	com.mycompany:CupCake:src/main/java/persistence/UserMapper.java	"{locations=[{component=com.mycompany:CupCake:src/main/java/persistence/UserMapper.java, textRange={startLine=139.0, endLine=139.0, startOffset=51.0, endOffset=78.0}, msg=Duplication}]} / {locations=[{component=com.mycompany:CupCake:src/main/java/persistence/UserMapper.java, textRange={startLine=146.0, endLine=146.0, startOffset=44.0, endOffset=71.0}, msg=Duplication}]} / {locations=[{component=com.mycompany:CupCake:src/main/java/persistence/UserMapper.java, textRange={startLine=152.0, endLine=152.0, startOffset=36.0, endOffset=63.0}, msg=Duplication}]} / "	default-organization	{startLine=139.0, endLine=139.0, startOffset=51.0, endOffset=78.0}	8min	AW4Ss-9ykMvoHfz8J1Ym	6bd94f46ab06a48d8a433ddf52b5e3bc	OPEN
BLOCKER	2019-10-28T14:09:44+0000		168.0		false	squid:S2095	com.mycompany:CupCake	5min	"Use try-with-resources or close this ""ResultSet"" in a ""finally"" clause."	2019-10-28T14:09:44+0000	BUG	"cert / cwe / denial-of-service / leak / "	com.mycompany:CupCake:src/main/java/persistence/UserMapper.java		default-organization	{startLine=168.0, endLine=168.0, startOffset=27.0, endOffset=44.0}	5min	AW4Ss-9zkMvoHfz8J1Yw	778f83a5cc3a7cf117f9c6f0a4e04335	OPEN
MAJOR	2019-10-28T14:09:44+0000		176.0		false	squid:S1141	com.mycompany:CupCake	20min	Extract this nested try block into a separate method.	2019-10-28T14:09:44+0000	CODE_SMELL	"confusing / error-handling / "	com.mycompany:CupCake:src/main/java/persistence/UserMapper.java	"{locations=[{component=com.mycompany:CupCake:src/main/java/persistence/UserMapper.java, textRange={startLine=165.0, endLine=165.0, startOffset=8.0, endOffset=11.0}, msg=Nesting + 1}]} / "	default-organization	{startLine=176.0, endLine=176.0, startOffset=16.0, endOffset=19.0}	20min	AW4Ss-9zkMvoHfz8J1Yz	9a28a435503223b1fb0426d7e5840cb5	OPEN
BLOCKER	2019-10-28T14:09:44+0000		236.0		false	squid:S2095	com.mycompany:CupCake	5min	"Use try-with-resources or close this ""ResultSet"" in a ""finally"" clause."	2019-10-28T14:09:44+0000	BUG	"cert / cwe / denial-of-service / leak / "	com.mycompany:CupCake:src/main/java/persistence/UserMapper.java		default-organization	{startLine=236.0, endLine=236.0, startOffset=27.0, endOffset=44.0}	5min	AW4Ss-9ykMvoHfz8J1Yq	778f83a5cc3a7cf117f9c6f0a4e04335	OPEN
MAJOR	2019-10-28T14:09:44+0000		241.0		false	squid:S1141	com.mycompany:CupCake	20min	Extract this nested try block into a separate method.	2019-10-28T14:09:44+0000	CODE_SMELL	"confusing / error-handling / "	com.mycompany:CupCake:src/main/java/persistence/UserMapper.java	"{locations=[{component=com.mycompany:CupCake:src/main/java/persistence/UserMapper.java, textRange={startLine=233.0, endLine=233.0, startOffset=8.0, endOffset=11.0}, msg=Nesting + 1}]} / "	default-organization	{startLine=241.0, endLine=241.0, startOffset=16.0, endOffset=19.0}	20min	AW4Ss-9zkMvoHfz8J1Y0	80d5b17efc16ace990c07580fc3e85eb	OPEN
BLOCKER	2019-10-28T14:09:44+0000		285.0		false	squid:S2095	com.mycompany:CupCake	5min	"Use try-with-resources or close this ""ResultSet"" in a ""finally"" clause."	2019-10-28T14:09:44+0000	BUG	"cert / cwe / denial-of-service / leak / "	com.mycompany:CupCake:src/main/java/persistence/UserMapper.java		default-organization	{startLine=285.0, endLine=285.0, startOffset=27.0, endOffset=51.0}	5min	AW4Ss-9ykMvoHfz8J1Yp	a08f269e8f057f4f7277f0f9c3a5ef50	OPEN
MINOR	2019-10-28T14:09:44+0000		316.0		false	squid:S00117	com.mycompany:CupCake	2min	Rename this local variable to match the regular expression '^[a-z][a-zA-Z0-9]*$'.	2019-10-28T14:09:44+0000	CODE_SMELL	"convention / "	com.mycompany:CupCake:src/main/java/persistence/UserMapper.java		default-organization	{startLine=316.0, endLine=316.0, startOffset=12.0, endOffset=22.0}	2min	AW4Ss-9zkMvoHfz8J1Y1	2c7c8ebd73e40697e571fa8c345ae40d	OPEN
MINOR	2019-10-28T14:09:44+0000		317.0		false	squid:S00117	com.mycompany:CupCake	2min	Rename this local variable to match the regular expression '^[a-z][a-zA-Z0-9]*$'.	2019-10-28T14:09:44+0000	CODE_SMELL	"convention / "	com.mycompany:CupCake:src/main/java/persistence/UserMapper.java		default-organization	{startLine=317.0, endLine=317.0, startOffset=12.0, endOffset=27.0}	2min	AW4Ss-9zkMvoHfz8J1Y2	6a994965b5e239b1d2855cc101c0e446	OPEN
CRITICAL	2019-10-28T14:09:44+0000		31.0		false	squid:S1192	com.mycompany:CupCake	8min	"Define a constant instead of duplicating this literal ""shoppingCart"" 3 times."	2019-10-28T14:09:44+0000	CODE_SMELL	"design / "	com.mycompany:CupCake:src/main/java/presentation/AddToCartCommand.java	"{locations=[{component=com.mycompany:CupCake:src/main/java/presentation/AddToCartCommand.java, textRange={startLine=31.0, endLine=31.0, startOffset=33.0, endOffset=47.0}, msg=Duplication}]} / {locations=[{component=com.mycompany:CupCake:src/main/java/presentation/AddToCartCommand.java, textRange={startLine=34.0, endLine=34.0, startOffset=55.0, endOffset=69.0}, msg=Duplication}]} / {locations=[{component=com.mycompany:CupCake:src/main/java/presentation/AddToCartCommand.java, textRange={startLine=38.0, endLine=38.0, startOffset=29.0, endOffset=43.0}, msg=Duplication}]} / "	default-organization	{startLine=31.0, endLine=31.0, startOffset=33.0, endOffset=47.0}	8min	AW4Ss-_wkMvoHfz8J1Z7	9f3d05b9395411d83a1411a538fffa26	OPEN
MAJOR	2019-10-28T14:09:44+0000		38.0		false	squid:S2441	com.mycompany:CupCake	20min	"Make ""ShoppingCart"" serializable or don't store it in the session."	2019-10-28T14:09:44+0000	BUG	"cwe / "	com.mycompany:CupCake:src/main/java/presentation/AddToCartCommand.java		default-organization	{startLine=38.0, endLine=38.0, startOffset=45.0, endOffset=49.0}	20min	AW4Ss-_wkMvoHfz8J1Z8	1b8bd4a247c83680e8c4aa62a535ff61	OPEN
MAJOR	2019-10-28T14:09:44+0000		40.0		false	squid:CommentedOutCodeLine	com.mycompany:CupCake	5min	This block of commented-out lines of code should be removed.	2019-10-28T14:09:44+0000	CODE_SMELL	"unused / "	com.mycompany:CupCake:src/main/java/presentation/AddToCartCommand.java		default-organization	{startLine=40.0, endLine=40.0, startOffset=0.0, endOffset=72.0}	5min	AW4Ss-_wkMvoHfz8J1Z9	c953020d7f79bc3eb157cf268b663865	OPEN
MAJOR	2019-10-28T14:09:44+0000		40.0		false	squid:S00112	com.mycompany:CupCake	20min	Define and throw a dedicated exception instead of using a generic one.	2019-10-28T14:09:44+0000	CODE_SMELL	"cert / cwe / error-handling / "	com.mycompany:CupCake:src/main/java/presentation/Command.java		default-organization	{startLine=40.0, endLine=40.0, startOffset=89.0, endOffset=98.0}	20min	AW4Ss-_nkMvoHfz8J1Z4	4d448e96db16485f46d89b45103e7c96	OPEN
INFO	2019-10-28T14:09:44+0000		40.0		false	squid:S1135	com.mycompany:CupCake	-	Complete the task associated to this TODO comment.	2019-10-28T14:09:44+0000	CODE_SMELL	"cwe / "	com.mycompany:CupCake:src/main/java/presentation/Command.java		default-organization	{startLine=40.0, endLine=40.0, startOffset=0.0, endOffset=129.0}	-	AW4Ss-_nkMvoHfz8J1Z6	4d448e96db16485f46d89b45103e7c96	OPEN
MINOR	2019-10-28T14:09:44+0000		48.0		false	squid:S1148	com.mycompany:CupCake	10min	Use a logger to log this exception.	2019-10-28T14:09:44+0000	VULNERABILITY	"cwe / error-handling / owasp-a3 / "	com.mycompany:CupCake:src/main/java/presentation/Command.java		default-organization	{startLine=48.0, endLine=48.0, startOffset=14.0, endOffset=29.0}	10min	AW4Ss-_nkMvoHfz8J1Z5	2dc1665d31b37f9aa7408939a0365027	OPEN
MINOR	2019-10-28T14:09:44+0000		3.0		false	squid:UselessImportCheck	com.mycompany:CupCake	2min	Remove this unused import 'persistence.DataSource'.	2019-10-28T14:09:44+0000	CODE_SMELL	"unused / "	com.mycompany:CupCake:src/main/java/presentation/FrontController.java		default-organization	{startLine=3.0, endLine=3.0, startOffset=0.0, endOffset=30.0}	2min	AW4Ss_AWkMvoHfz8J1aG	82961079e45512d367d3eb55a6b8ec7f	OPEN
MINOR	2019-10-28T14:09:44+0000		4.0		false	squid:UselessImportCheck	com.mycompany:CupCake	2min	Remove this unused import 'presentation.listeners.ApplicationListener'.	2019-10-28T14:09:44+0000	CODE_SMELL	"unused / "	com.mycompany:CupCake:src/main/java/presentation/FrontController.java		default-organization	{startLine=4.0, endLine=4.0, startOffset=0.0, endOffset=50.0}	2min	AW4Ss_AWkMvoHfz8J1aH	c0639a8bb5fab45a27b0df1209f016c7	OPEN
MINOR	2019-10-28T14:09:44+0000		13.0		false	squid:UselessImportCheck	com.mycompany:CupCake	2min	Remove this unused import 'java.io.InputStream'.	2019-10-28T14:09:44+0000	CODE_SMELL	"unused / "	com.mycompany:CupCake:src/main/java/presentation/FrontController.java		default-organization	{startLine=13.0, endLine=13.0, startOffset=0.0, endOffset=27.0}	2min	AW4Ss_AWkMvoHfz8J1aJ	6f8654322123410341aa3598228f7734	OPEN
MINOR	2019-10-28T14:09:44+0000		14.0		false	squid:UselessImportCheck	com.mycompany:CupCake	2min	Remove this unused import 'java.util.Properties'.	2019-10-28T14:09:44+0000	CODE_SMELL	"unused / "	com.mycompany:CupCake:src/main/java/presentation/FrontController.java		default-organization	{startLine=14.0, endLine=14.0, startOffset=0.0, endOffset=28.0}	2min	AW4Ss_AWkMvoHfz8J1aI	4e60f06d5da02496944556d7f309dfbf	OPEN
INFO	2019-10-28T14:09:44+0000		35.0		false	squid:S1135	com.mycompany:CupCake	-	Complete the task associated to this TODO comment.	2019-10-28T14:09:44+0000	CODE_SMELL	"cwe / "	com.mycompany:CupCake:src/main/java/presentation/FrontController.java		default-organization	{startLine=35.0, endLine=35.0, startOffset=0.0, endOffset=61.0}	-	AW4Ss_AWkMvoHfz8J1aK	3187130bd8a417f4d6303e477eeefda4	OPEN
MINOR	2019-10-28T14:09:44+0000		58.0		false	squid:S1989	com.mycompany:CupCake	20min	"Add a ""try/catch"" block for ""processRequest""."	2019-10-28T14:09:44+0000	VULNERABILITY	"cert / cwe / error-handling / owasp-a3 / "	com.mycompany:CupCake:src/main/java/presentation/FrontController.java		default-organization	{startLine=58.0, endLine=58.0, startOffset=8.0, endOffset=22.0}	20min	AW4Ss_AWkMvoHfz8J1aL	9d9fa424aa41cf769a4b067c7202f2a5	OPEN
MINOR	2019-10-28T14:09:44+0000		58.0		false	squid:S1989	com.mycompany:CupCake	20min	"Add a ""try/catch"" block for ""processRequest""."	2019-10-28T14:09:44+0000	VULNERABILITY	"cert / cwe / error-handling / owasp-a3 / "	com.mycompany:CupCake:src/main/java/presentation/FrontController.java		default-organization	{startLine=58.0, endLine=58.0, startOffset=8.0, endOffset=22.0}	20min	AW4Ss_AWkMvoHfz8J1aM	9d9fa424aa41cf769a4b067c7202f2a5	OPEN
MINOR	2019-10-28T14:09:44+0000		72.0		false	squid:S1989	com.mycompany:CupCake	20min	"Add a ""try/catch"" block for ""processRequest""."	2019-10-28T14:09:44+0000	VULNERABILITY	"cert / cwe / error-handling / owasp-a3 / "	com.mycompany:CupCake:src/main/java/presentation/FrontController.java		default-organization	{startLine=72.0, endLine=72.0, startOffset=8.0, endOffset=22.0}	20min	AW4Ss_AWkMvoHfz8J1aN	9d9fa424aa41cf769a4b067c7202f2a5	OPEN
MINOR	2019-10-28T14:09:44+0000		72.0		false	squid:S1989	com.mycompany:CupCake	20min	"Add a ""try/catch"" block for ""processRequest""."	2019-10-28T14:09:44+0000	VULNERABILITY	"cert / cwe / error-handling / owasp-a3 / "	com.mycompany:CupCake:src/main/java/presentation/FrontController.java		default-organization	{startLine=72.0, endLine=72.0, startOffset=8.0, endOffset=22.0}	20min	AW4Ss_AWkMvoHfz8J1aO	9d9fa424aa41cf769a4b067c7202f2a5	OPEN
MINOR	2019-10-28T14:09:44+0000		8.0		false	squid:UselessImportCheck	com.mycompany:CupCake	2min	Remove this unused import 'logic.LogicFacade'.	2019-10-28T14:09:44+0000	CODE_SMELL	"unused / "	com.mycompany:CupCake:src/main/java/presentation/LogOutCommand.java		default-organization	{startLine=8.0, endLine=8.0, startOffset=0.0, endOffset=25.0}	2min	AW4Ss-_gkMvoHfz8J1Z3	ae1f6f4c20aa029242f020e4d6686ed4	OPEN
MINOR	2019-10-28T14:09:44+0000		9.0		false	squid:UselessImportCheck	com.mycompany:CupCake	2min	Remove this unused import 'logic.User'.	2019-10-28T14:09:44+0000	CODE_SMELL	"unused / "	com.mycompany:CupCake:src/main/java/presentation/LogOutCommand.java		default-organization	{startLine=9.0, endLine=9.0, startOffset=0.0, endOffset=18.0}	2min	AW4Ss-_gkMvoHfz8J1Z2	d08ede36ff9f630896646b536bdea786	OPEN
MAJOR	2019-10-28T14:09:44+0000		27.0		false	squid:S2441	com.mycompany:CupCake	20min	"Make ""User"" serializable or don't store it in the session."	2019-10-28T14:09:44+0000	BUG	"cwe / "	com.mycompany:CupCake:src/main/java/presentation/LoginCommand.java		default-organization	{startLine=27.0, endLine=27.0, startOffset=37.0, endOffset=41.0}	20min	AW4Ss_ABkMvoHfz8J1aB	53f41f97c2c92f8baa1c0d6081529dff	OPEN
MAJOR	2019-10-28T14:09:44+0000		23.0		false	squid:S2441	com.mycompany:CupCake	20min	"Make ""User"" serializable or don't store it in the session."	2019-10-28T14:09:44+0000	BUG	"cwe / "	com.mycompany:CupCake:src/main/java/presentation/RegisterCommand.java		default-organization	{startLine=23.0, endLine=23.0, startOffset=37.0, endOffset=41.0}	20min	AW4Ss_A4kMvoHfz8J1aU	53f41f97c2c92f8baa1c0d6081529dff	OPEN
MAJOR	2019-10-28T14:09:44+0000		19.0		false	squid:S1854	com.mycompany:CupCake	15min	"Remove this useless assignment to local variable ""topping""."	2019-10-28T14:09:44+0000	CODE_SMELL	"cert / cwe / unused / "	com.mycompany:CupCake:src/main/java/presentation/RemoveFromCartCommand.java		default-organization	{startLine=19.0, endLine=19.0, startOffset=24.0, endOffset=67.0}	15min	AW4Ss_BCkMvoHfz8J1aY	33a2795300747d091d733b01e0b729b8	OPEN
MINOR	2019-10-28T14:09:44+0000		19.0		false	squid:S1481	com.mycompany:CupCake	5min	"Remove this unused ""topping"" local variable."	2019-10-28T14:09:44+0000	CODE_SMELL	"unused / "	com.mycompany:CupCake:src/main/java/presentation/RemoveFromCartCommand.java		default-organization	{startLine=19.0, endLine=19.0, startOffset=16.0, endOffset=23.0}	5min	AW4Ss_BCkMvoHfz8J1aZ	33a2795300747d091d733b01e0b729b8	OPEN
MAJOR	2019-10-28T14:09:44+0000		20.0		false	squid:S1854	com.mycompany:CupCake	15min	"Remove this useless assignment to local variable ""bottom""."	2019-10-28T14:09:44+0000	CODE_SMELL	"cert / cwe / unused / "	com.mycompany:CupCake:src/main/java/presentation/RemoveFromCartCommand.java		default-organization	{startLine=20.0, endLine=20.0, startOffset=22.0, endOffset=63.0}	15min	AW4Ss_BCkMvoHfz8J1aX	4b278fd3c180bc372e1d97e2c29dea1f	OPEN
MINOR	2019-10-28T14:09:44+0000		20.0		false	squid:S1481	com.mycompany:CupCake	5min	"Remove this unused ""bottom"" local variable."	2019-10-28T14:09:44+0000	CODE_SMELL	"unused / "	com.mycompany:CupCake:src/main/java/presentation/RemoveFromCartCommand.java		default-organization	{startLine=20.0, endLine=20.0, startOffset=15.0, endOffset=21.0}	5min	AW4Ss_BCkMvoHfz8J1aa	4b278fd3c180bc372e1d97e2c29dea1f	OPEN
MAJOR	2019-10-28T14:09:44+0000		21.0		false	squid:S1854	com.mycompany:CupCake	15min	"Remove this useless assignment to local variable ""cart""."	2019-10-28T14:09:44+0000	CODE_SMELL	"cert / cwe / unused / "	com.mycompany:CupCake:src/main/java/presentation/RemoveFromCartCommand.java		default-organization	{startLine=21.0, endLine=21.0, startOffset=26.0, endOffset=79.0}	15min	AW4Ss_BCkMvoHfz8J1aW	21f34c3f4b82a12677e645adac571863	OPEN
MINOR	2019-10-28T14:09:44+0000		21.0		false	squid:S1481	com.mycompany:CupCake	5min	"Remove this unused ""cart"" local variable."	2019-10-28T14:09:44+0000	CODE_SMELL	"unused / "	com.mycompany:CupCake:src/main/java/presentation/RemoveFromCartCommand.java		default-organization	{startLine=21.0, endLine=21.0, startOffset=21.0, endOffset=25.0}	5min	AW4Ss_BCkMvoHfz8J1ab	21f34c3f4b82a12677e645adac571863	OPEN
MAJOR	2019-10-28T14:09:44+0000		22.0		false	squid:S1854	com.mycompany:CupCake	15min	"Remove this useless assignment to local variable ""logicFacade""."	2019-10-28T14:09:44+0000	CODE_SMELL	"cert / cwe / unused / "	com.mycompany:CupCake:src/main/java/presentation/RemoveFromCartCommand.java		default-organization	{startLine=22.0, endLine=22.0, startOffset=32.0, endOffset=50.0}	15min	AW4Ss_BBkMvoHfz8J1aV	adb2b023cc5fe564967edb53c980cd7f	OPEN
MINOR	2019-10-28T14:09:44+0000		22.0		false	squid:S1481	com.mycompany:CupCake	5min	"Remove this unused ""logicFacade"" local variable."	2019-10-28T14:09:44+0000	CODE_SMELL	"unused / "	com.mycompany:CupCake:src/main/java/presentation/RemoveFromCartCommand.java		default-organization	{startLine=22.0, endLine=22.0, startOffset=20.0, endOffset=31.0}	5min	AW4Ss_BCkMvoHfz8J1ac	adb2b023cc5fe564967edb53c980cd7f	OPEN
MAJOR	2019-10-28T14:09:44+0000		23.0		false	squid:CommentedOutCodeLine	com.mycompany:CupCake	5min	This block of commented-out lines of code should be removed.	2019-10-28T14:09:44+0000	CODE_SMELL	"unused / "	com.mycompany:CupCake:src/main/java/presentation/RemoveFromCartCommand.java		default-organization	{startLine=23.0, endLine=23.0, startOffset=0.0, endOffset=68.0}	5min	AW4Ss_BCkMvoHfz8J1ad	c22d31e14673b2ce9415072a198f938d	OPEN
MINOR	2019-10-28T14:09:44+0000		11.0		false	squid:UselessImportCheck	com.mycompany:CupCake	2min	Remove this unused import 'logic.Bottom'.	2019-10-28T14:09:44+0000	CODE_SMELL	"unused / "	com.mycompany:CupCake:src/main/java/presentation/SubmitOrderCommand.java		default-organization	{startLine=11.0, endLine=11.0, startOffset=0.0, endOffset=20.0}	2min	AW4Ss-_4kMvoHfz8J1Z-	c36d0255e6b002b93da03625d3f6ad82	OPEN
MINOR	2019-10-28T14:09:44+0000		15.0		false	squid:UselessImportCheck	com.mycompany:CupCake	2min	Remove this unused import 'logic.Topping'.	2019-10-28T14:09:44+0000	CODE_SMELL	"unused / "	com.mycompany:CupCake:src/main/java/presentation/SubmitOrderCommand.java		default-organization	{startLine=15.0, endLine=15.0, startOffset=0.0, endOffset=21.0}	2min	AW4Ss-_4kMvoHfz8J1Z_	ed1f6a85783994f0827a6f5c0ab4be40	OPEN
MAJOR	2019-10-28T14:09:44+0000		31.0		false	squid:S2441	com.mycompany:CupCake	20min	"Make ""Order"" serializable or don't store it in the session."	2019-10-28T14:09:44+0000	BUG	"cwe / "	com.mycompany:CupCake:src/main/java/presentation/SubmitOrderCommand.java		default-organization	{startLine=31.0, endLine=31.0, startOffset=38.0, endOffset=43.0}	20min	AW4Ss-_4kMvoHfz8J1aA	803ce8cd92579e6d330bf9bca0cae585	OPEN
MINOR	2019-10-28T14:09:44+0000		5.0		false	squid:UselessImportCheck	com.mycompany:CupCake	2min	Remove this unused import 'javax.servlet.http.HttpSession'.	2019-10-28T14:09:44+0000	CODE_SMELL	"unused / "	com.mycompany:CupCake:src/main/java/presentation/UnknownCommand.java		default-organization	{startLine=5.0, endLine=5.0, startOffset=0.0, endOffset=38.0}	2min	AW4Ss_AwkMvoHfz8J1aR	4969ca9c558457828c7bc372342ef831	OPEN
MINOR	2019-10-28T14:09:44+0000		6.0		false	squid:UselessImportCheck	com.mycompany:CupCake	2min	Remove this unused import 'logic.LogicFacade'.	2019-10-28T14:09:44+0000	CODE_SMELL	"unused / "	com.mycompany:CupCake:src/main/java/presentation/UnknownCommand.java		default-organization	{startLine=6.0, endLine=6.0, startOffset=0.0, endOffset=25.0}	2min	AW4Ss_AwkMvoHfz8J1aT	ae1f6f4c20aa029242f020e4d6686ed4	OPEN
MINOR	2019-10-28T14:09:44+0000		7.0		false	squid:UselessImportCheck	com.mycompany:CupCake	2min	Remove this unused import 'logic.User'.	2019-10-28T14:09:44+0000	CODE_SMELL	"unused / "	com.mycompany:CupCake:src/main/java/presentation/UnknownCommand.java		default-organization	{startLine=7.0, endLine=7.0, startOffset=0.0, endOffset=18.0}	2min	AW4Ss_AwkMvoHfz8J1aS	d08ede36ff9f630896646b536bdea786	OPEN
CRITICAL	2019-10-28T14:09:44+0000		22.0		false	squid:S1186	com.mycompany:CupCake	5min	Add a nested comment explaining why this method is empty, throw an UnsupportedOperationException or complete the implementation.	2019-10-28T14:09:44+0000	CODE_SMELL	"suspicious / "	com.mycompany:CupCake:src/main/java/presentation/filters/UserAuthFilter.java		default-organization	{startLine=22.0, endLine=22.0, startOffset=16.0, endOffset=20.0}	5min	AW4Ss_AnkMvoHfz8J1aP	5062069c81693f10e0f81a2f16ad8886	OPEN
CRITICAL	2019-10-28T14:09:44+0000		55.0		false	squid:S1186	com.mycompany:CupCake	5min	Add a nested comment explaining why this method is empty, throw an UnsupportedOperationException or complete the implementation.	2019-10-28T14:09:44+0000	CODE_SMELL	"suspicious / "	com.mycompany:CupCake:src/main/java/presentation/filters/UserAuthFilter.java		default-organization	{startLine=55.0, endLine=55.0, startOffset=16.0, endOffset=23.0}	5min	AW4Ss_AnkMvoHfz8J1aQ	5154420123cc713469f0df4f3e354c08	OPEN
MINOR	2019-10-28T14:09:44+0000		7.0		false	squid:UselessImportCheck	com.mycompany:CupCake	2min	Remove this unused import 'presentation.FrontController'.	2019-10-28T14:09:44+0000	CODE_SMELL	"unused / "	com.mycompany:CupCake:src/main/java/presentation/listeners/ApplicationListener.java		default-organization	{startLine=7.0, endLine=7.0, startOffset=0.0, endOffset=36.0}	2min	AW4Ss_AKkMvoHfz8J1aC	65f3e38f530aaa8ea1587e4a8bd1a518	OPEN
CRITICAL	2019-10-28T14:09:44+0000		30.0		false	squid:S1186	com.mycompany:CupCake	5min	Add a nested comment explaining why this method is empty, throw an UnsupportedOperationException or complete the implementation.	2019-10-28T14:09:44+0000	CODE_SMELL	"suspicious / "	com.mycompany:CupCake:src/main/java/presentation/listeners/ApplicationListener.java		default-organization	{startLine=30.0, endLine=30.0, startOffset=11.0, endOffset=30.0}	5min	AW4Ss_AKkMvoHfz8J1aE	62abacc8288b9785fb8917741b39e739	OPEN
INFO	2019-10-28T14:09:44+0000		51.0		false	squid:S1135	com.mycompany:CupCake	-	Complete the task associated to this TODO comment.	2019-10-28T14:09:44+0000	CODE_SMELL	"cwe / "	com.mycompany:CupCake:src/main/java/presentation/listeners/ApplicationListener.java		default-organization	{startLine=51.0, endLine=51.0, startOffset=0.0, endOffset=40.0}	-	AW4Ss_AKkMvoHfz8J1aF	94b33fce0906e7d8caa05c7a9eecc660	OPEN
MINOR	2019-10-28T14:09:44+0000		52.0		false	squid:S1148	com.mycompany:CupCake	10min	Use a logger to log this exception.	2019-10-28T14:09:44+0000	VULNERABILITY	"cwe / error-handling / owasp-a3 / "	com.mycompany:CupCake:src/main/java/presentation/listeners/ApplicationListener.java		default-organization	{startLine=52.0, endLine=52.0, startOffset=14.0, endOffset=29.0}	10min	AW4Ss_AKkMvoHfz8J1aD	2dc1665d31b37f9aa7408939a0365027	OPEN
MAJOR	2019-10-28T14:09:44+0000		9.0		false	Web:DoctypePresenceCheck	com.mycompany:CupCake	5min	Insert a <!DOCTYPE> declaration to before this <html> tag.	2019-10-28T14:09:44+0000	BUG	"user-experience / "	com.mycompany:CupCake:src/main/webapp/index.jsp		default-organization	{startLine=9.0, endLine=9.0, startOffset=0.0, endOffset=6.0}	5min	AW4Ss_EtkMvoHfz8J1bf	166248a6129a1e4370d20adc2d4c23f3	OPEN
MAJOR	2019-10-28T14:09:44+0000		9.0		false	Web:S5254	com.mycompany:CupCake	-	"Add ""lang"" and/or ""xml:lang"" attributes to this ""<html>"" element"	2019-10-28T14:09:44+0000	BUG	"accessibility / wcag2-a / "	com.mycompany:CupCake:src/main/webapp/index.jsp		default-organization	{startLine=9.0, endLine=9.0, startOffset=0.0, endOffset=6.0}	-	AW4Ss_EtkMvoHfz8J1bg	166248a6129a1e4370d20adc2d4c23f3	OPEN
MAJOR	2019-10-28T14:09:44+0000		7.0		false	Web:DoctypePresenceCheck	com.mycompany:CupCake	5min	Insert a <!DOCTYPE> declaration to before this <html> tag.	2019-10-28T14:09:44+0000	BUG	"user-experience / "	com.mycompany:CupCake:src/main/webapp/jsp/cart/cartProductList.jsp		default-organization	{startLine=7.0, endLine=7.0, startOffset=0.0, endOffset=6.0}	5min	AW4Ss_DwkMvoHfz8J1bN	166248a6129a1e4370d20adc2d4c23f3	OPEN
MAJOR	2019-10-28T14:09:44+0000		7.0		false	Web:S5254	com.mycompany:CupCake	-	"Add ""lang"" and/or ""xml:lang"" attributes to this ""<html>"" element"	2019-10-28T14:09:44+0000	BUG	"accessibility / wcag2-a / "	com.mycompany:CupCake:src/main/webapp/jsp/cart/cartProductList.jsp		default-organization	{startLine=7.0, endLine=7.0, startOffset=0.0, endOffset=6.0}	-	AW4Ss_DwkMvoHfz8J1bO	166248a6129a1e4370d20adc2d4c23f3	OPEN
MAJOR	2019-10-28T14:09:44+0000		9.0		false	Web:DoctypePresenceCheck	com.mycompany:CupCake	5min	Insert a <!DOCTYPE> declaration to before this <html> tag.	2019-10-28T14:09:44+0000	BUG	"user-experience / "	com.mycompany:CupCake:src/main/webapp/jsp/cart/confirmOrder.jsp		default-organization	{startLine=9.0, endLine=9.0, startOffset=0.0, endOffset=6.0}	5min	AW4Ss_EOkMvoHfz8J1bU	166248a6129a1e4370d20adc2d4c23f3	OPEN
MAJOR	2019-10-28T14:09:44+0000		9.0		false	Web:S5254	com.mycompany:CupCake	-	"Add ""lang"" and/or ""xml:lang"" attributes to this ""<html>"" element"	2019-10-28T14:09:44+0000	BUG	"accessibility / wcag2-a / "	com.mycompany:CupCake:src/main/webapp/jsp/cart/confirmOrder.jsp		default-organization	{startLine=9.0, endLine=9.0, startOffset=0.0, endOffset=6.0}	-	AW4Ss_EOkMvoHfz8J1bV	166248a6129a1e4370d20adc2d4c23f3	OPEN
INFO	2019-10-28T14:09:44+0000		71.0		false	Web:S1135	com.mycompany:CupCake	-	"Complete the task associated to this ""TODO"" comment."	2019-10-28T14:09:44+0000	CODE_SMELL	"cwe / "	com.mycompany:CupCake:src/main/webapp/jsp/cart/confirmOrder.jsp		default-organization	{startLine=71.0, endLine=71.0, startOffset=0.0, endOffset=31.0}	-	AW4Ss_EOkMvoHfz8J1bW	d5a6323969df4eaec4d88c4d895fb059	OPEN
MAJOR	2019-10-28T14:09:44+0000		9.0		false	Web:DoctypePresenceCheck	com.mycompany:CupCake	5min	Insert a <!DOCTYPE> declaration to before this <html> tag.	2019-10-28T14:09:44+0000	BUG	"user-experience / "	com.mycompany:CupCake:src/main/webapp/jsp/cart/invoice.jsp		default-organization	{startLine=9.0, endLine=9.0, startOffset=0.0, endOffset=6.0}	5min	AW4Ss_EEkMvoHfz8J1bR	166248a6129a1e4370d20adc2d4c23f3	OPEN
MAJOR	2019-10-28T14:09:44+0000		9.0		false	Web:S5254	com.mycompany:CupCake	-	"Add ""lang"" and/or ""xml:lang"" attributes to this ""<html>"" element"	2019-10-28T14:09:44+0000	BUG	"accessibility / wcag2-a / "	com.mycompany:CupCake:src/main/webapp/jsp/cart/invoice.jsp		default-organization	{startLine=9.0, endLine=9.0, startOffset=0.0, endOffset=6.0}	-	AW4Ss_EEkMvoHfz8J1bS	166248a6129a1e4370d20adc2d4c23f3	OPEN
INFO	2019-10-28T14:09:44+0000		70.0		false	Web:S1135	com.mycompany:CupCake	-	"Complete the task associated to this ""TODO"" comment."	2019-10-28T14:09:44+0000	CODE_SMELL	"cwe / "	com.mycompany:CupCake:src/main/webapp/jsp/cart/invoice.jsp		default-organization	{startLine=70.0, endLine=70.0, startOffset=0.0, endOffset=31.0}	-	AW4Ss_EEkMvoHfz8J1bT	d5a6323969df4eaec4d88c4d895fb059	OPEN
MAJOR	2019-10-28T14:09:44+0000		9.0		false	Web:DoctypePresenceCheck	com.mycompany:CupCake	5min	Insert a <!DOCTYPE> declaration to before this <html> tag.	2019-10-28T14:09:44+0000	BUG	"user-experience / "	com.mycompany:CupCake:src/main/webapp/jsp/cart/showCart.jsp		default-organization	{startLine=9.0, endLine=9.0, startOffset=0.0, endOffset=6.0}	5min	AW4Ss_D5kMvoHfz8J1bP	166248a6129a1e4370d20adc2d4c23f3	OPEN
MAJOR	2019-10-28T14:09:44+0000		9.0		false	Web:S5254	com.mycompany:CupCake	-	"Add ""lang"" and/or ""xml:lang"" attributes to this ""<html>"" element"	2019-10-28T14:09:44+0000	BUG	"accessibility / wcag2-a / "	com.mycompany:CupCake:src/main/webapp/jsp/cart/showCart.jsp		default-organization	{startLine=9.0, endLine=9.0, startOffset=0.0, endOffset=6.0}	-	AW4Ss_D5kMvoHfz8J1bQ	166248a6129a1e4370d20adc2d4c23f3	OPEN
MAJOR	2019-10-28T14:09:44+0000		10.0		false	Web:DoctypePresenceCheck	com.mycompany:CupCake	5min	Insert a <!DOCTYPE> declaration to before this <html> tag.	2019-10-28T14:09:44+0000	BUG	"user-experience / "	com.mycompany:CupCake:src/main/webapp/jsp/nav.jsp		default-organization	{startLine=10.0, endLine=10.0, startOffset=0.0, endOffset=6.0}	5min	AW4Ss_DlkMvoHfz8J1bG	166248a6129a1e4370d20adc2d4c23f3	OPEN
MAJOR	2019-10-28T14:09:44+0000		10.0		false	Web:S5254	com.mycompany:CupCake	-	"Add ""lang"" and/or ""xml:lang"" attributes to this ""<html>"" element"	2019-10-28T14:09:44+0000	BUG	"accessibility / wcag2-a / "	com.mycompany:CupCake:src/main/webapp/jsp/nav.jsp		default-organization	{startLine=10.0, endLine=10.0, startOffset=0.0, endOffset=6.0}	-	AW4Ss_DlkMvoHfz8J1bH	166248a6129a1e4370d20adc2d4c23f3	OPEN
MINOR	2019-10-28T14:09:44+0000		92.0		false	Web:TableWithoutCaptionCheck	com.mycompany:CupCake	5min	Add a description to this table.	2019-10-28T14:09:44+0000	BUG	"accessibility / wcag2-a / "	com.mycompany:CupCake:src/main/webapp/jsp/nav.jsp		default-organization	{startLine=92.0, endLine=92.0, startOffset=7.0, endOffset=80.0}	5min	AW4Ss_DlkMvoHfz8J1bI	63da76c1a7f6ebbba6b4d9b1b389383e	OPEN
MAJOR	2019-10-28T14:09:44+0000		95.0		false	Web:TableHeaderHasIdOrScopeCheck	com.mycompany:CupCake	-	Add either an 'id' or a 'scope' attribute to this <th> tag.	2019-10-28T14:09:44+0000	BUG	"accessibility / wcag2-a / "	com.mycompany:CupCake:src/main/webapp/jsp/nav.jsp		default-organization	{startLine=95.0, endLine=95.0, startOffset=10.0, endOffset=14.0}	-	AW4Ss_DlkMvoHfz8J1bJ	b0af34689b83ed85b9e5d9fee83aa590	OPEN
MAJOR	2019-10-28T14:09:44+0000		96.0		false	Web:TableHeaderHasIdOrScopeCheck	com.mycompany:CupCake	-	Add either an 'id' or a 'scope' attribute to this <th> tag.	2019-10-28T14:09:44+0000	BUG	"accessibility / wcag2-a / "	com.mycompany:CupCake:src/main/webapp/jsp/nav.jsp		default-organization	{startLine=96.0, endLine=96.0, startOffset=10.0, endOffset=14.0}	-	AW4Ss_DlkMvoHfz8J1bK	577c5257c707c2f7a90c0cee2c39e4bd	OPEN
MAJOR	2019-10-28T14:09:44+0000		97.0		false	Web:TableHeaderHasIdOrScopeCheck	com.mycompany:CupCake	-	Add either an 'id' or a 'scope' attribute to this <th> tag.	2019-10-28T14:09:44+0000	BUG	"accessibility / wcag2-a / "	com.mycompany:CupCake:src/main/webapp/jsp/nav.jsp		default-organization	{startLine=97.0, endLine=97.0, startOffset=10.0, endOffset=14.0}	-	AW4Ss_DlkMvoHfz8J1bL	1ec64826f21add0d3f975a94249b1399	OPEN
MAJOR	2019-10-28T14:09:44+0000		98.0		false	Web:TableHeaderHasIdOrScopeCheck	com.mycompany:CupCake	-	Add either an 'id' or a 'scope' attribute to this <th> tag.	2019-10-28T14:09:44+0000	BUG	"accessibility / wcag2-a / "	com.mycompany:CupCake:src/main/webapp/jsp/nav.jsp		default-organization	{startLine=98.0, endLine=98.0, startOffset=10.0, endOffset=14.0}	-	AW4Ss_DlkMvoHfz8J1bM	cf4eaea131427d7f58d276e3a6ce9c68	OPEN
MAJOR	2019-10-28T14:09:44+0000		9.0		false	Web:DoctypePresenceCheck	com.mycompany:CupCake	5min	Insert a <!DOCTYPE> declaration to before this <html> tag.	2019-10-28T14:09:44+0000	BUG	"user-experience / "	com.mycompany:CupCake:src/main/webapp/jsp/shop/mainShop.jsp		default-organization	{startLine=9.0, endLine=9.0, startOffset=0.0, endOffset=6.0}	5min	AW4Ss_EYkMvoHfz8J1bX	166248a6129a1e4370d20adc2d4c23f3	OPEN
MAJOR	2019-10-28T14:09:44+0000		9.0		false	Web:S5254	com.mycompany:CupCake	-	"Add ""lang"" and/or ""xml:lang"" attributes to this ""<html>"" element"	2019-10-28T14:09:44+0000	BUG	"accessibility / wcag2-a / "	com.mycompany:CupCake:src/main/webapp/jsp/shop/mainShop.jsp		default-organization	{startLine=9.0, endLine=9.0, startOffset=0.0, endOffset=6.0}	-	AW4Ss_EYkMvoHfz8J1bY	166248a6129a1e4370d20adc2d4c23f3	OPEN
MINOR	2019-10-28T14:09:44+0000		26.0		false	Web:TableWithoutCaptionCheck	com.mycompany:CupCake	5min	Add a description to this table.	2019-10-28T14:09:44+0000	BUG	"accessibility / wcag2-a / "	com.mycompany:CupCake:src/main/webapp/jsp/shop/mainShop.jsp		default-organization	{startLine=26.0, endLine=26.0, startOffset=8.0, endOffset=80.0}	5min	AW4Ss_EYkMvoHfz8J1bZ	63da76c1a7f6ebbba6b4d9b1b389383e	OPEN
MAJOR	2019-10-28T14:09:44+0000		29.0		false	Web:TableHeaderHasIdOrScopeCheck	com.mycompany:CupCake	-	Add either an 'id' or a 'scope' attribute to this <th> tag.	2019-10-28T14:09:44+0000	BUG	"accessibility / wcag2-a / "	com.mycompany:CupCake:src/main/webapp/jsp/shop/mainShop.jsp		default-organization	{startLine=29.0, endLine=29.0, startOffset=20.0, endOffset=24.0}	-	AW4Ss_EYkMvoHfz8J1ba	de31c198f2e897b4a8983dc29ade00d2	OPEN
MAJOR	2019-10-28T14:09:44+0000		30.0		false	Web:TableHeaderHasIdOrScopeCheck	com.mycompany:CupCake	-	Add either an 'id' or a 'scope' attribute to this <th> tag.	2019-10-28T14:09:44+0000	BUG	"accessibility / wcag2-a / "	com.mycompany:CupCake:src/main/webapp/jsp/shop/mainShop.jsp		default-organization	{startLine=30.0, endLine=30.0, startOffset=20.0, endOffset=24.0}	-	AW4Ss_EYkMvoHfz8J1bb	e04560f5f0efd76e0b3e62196e71dde3	OPEN
MAJOR	2019-10-28T14:09:44+0000		31.0		false	Web:TableHeaderHasIdOrScopeCheck	com.mycompany:CupCake	-	Add either an 'id' or a 'scope' attribute to this <th> tag.	2019-10-28T14:09:44+0000	BUG	"accessibility / wcag2-a / "	com.mycompany:CupCake:src/main/webapp/jsp/shop/mainShop.jsp		default-organization	{startLine=31.0, endLine=31.0, startOffset=20.0, endOffset=24.0}	-	AW4Ss_EYkMvoHfz8J1bc	cf4eaea131427d7f58d276e3a6ce9c68	OPEN
MAJOR	2019-10-28T14:09:44+0000		32.0		false	Web:TableHeaderHasIdOrScopeCheck	com.mycompany:CupCake	-	Add either an 'id' or a 'scope' attribute to this <th> tag.	2019-10-28T14:09:44+0000	BUG	"accessibility / wcag2-a / "	com.mycompany:CupCake:src/main/webapp/jsp/shop/mainShop.jsp		default-organization	{startLine=32.0, endLine=32.0, startOffset=20.0, endOffset=24.0}	-	AW4Ss_EYkMvoHfz8J1bd	362ecdaa7f010626a365210a297df5c3	OPEN
INFO	2019-10-28T14:09:44+0000		51.0		false	Web:S1135	com.mycompany:CupCake	-	"Complete the task associated to this ""TODO"" comment."	2019-10-28T14:09:44+0000	CODE_SMELL	"cwe / "	com.mycompany:CupCake:src/main/webapp/jsp/shop/mainShop.jsp		default-organization	{startLine=51.0, endLine=51.0, startOffset=0.0, endOffset=43.0}	-	AW4Ss_EYkMvoHfz8J1be	d5a6323969df4eaec4d88c4d895fb059	OPEN
MAJOR	2019-10-28T14:09:44+0000		10.0		false	Web:DoctypePresenceCheck	com.mycompany:CupCake	5min	Insert a <!DOCTYPE> declaration to before this <html> tag.	2019-10-28T14:09:44+0000	BUG	"user-experience / "	com.mycompany:CupCake:src/main/webapp/jsp/user/createUser.jsp		default-organization	{startLine=10.0, endLine=10.0, startOffset=0.0, endOffset=6.0}	5min	AW4Ss_C0kMvoHfz8J1a3	166248a6129a1e4370d20adc2d4c23f3	OPEN
MAJOR	2019-10-28T14:09:44+0000		10.0		false	Web:S5254	com.mycompany:CupCake	-	"Add ""lang"" and/or ""xml:lang"" attributes to this ""<html>"" element"	2019-10-28T14:09:44+0000	BUG	"accessibility / wcag2-a / "	com.mycompany:CupCake:src/main/webapp/jsp/user/createUser.jsp		default-organization	{startLine=10.0, endLine=10.0, startOffset=0.0, endOffset=6.0}	-	AW4Ss_C0kMvoHfz8J1a4	166248a6129a1e4370d20adc2d4c23f3	OPEN
MAJOR	2019-10-28T14:09:44+0000		9.0		false	Web:DoctypePresenceCheck	com.mycompany:CupCake	5min	Insert a <!DOCTYPE> declaration to before this <html> tag.	2019-10-28T14:09:44+0000	BUG	"user-experience / "	com.mycompany:CupCake:src/main/webapp/jsp/user/editUser.jsp		default-organization	{startLine=9.0, endLine=9.0, startOffset=0.0, endOffset=6.0}	5min	AW4Ss_DGkMvoHfz8J1a7	166248a6129a1e4370d20adc2d4c23f3	OPEN
MAJOR	2019-10-28T14:09:44+0000		9.0		false	Web:S5254	com.mycompany:CupCake	-	"Add ""lang"" and/or ""xml:lang"" attributes to this ""<html>"" element"	2019-10-28T14:09:44+0000	BUG	"accessibility / wcag2-a / "	com.mycompany:CupCake:src/main/webapp/jsp/user/editUser.jsp		default-organization	{startLine=9.0, endLine=9.0, startOffset=0.0, endOffset=6.0}	-	AW4Ss_DHkMvoHfz8J1a8	166248a6129a1e4370d20adc2d4c23f3	OPEN
MAJOR	2019-10-28T14:09:44+0000		9.0		false	Web:DoctypePresenceCheck	com.mycompany:CupCake	5min	Insert a <!DOCTYPE> declaration to before this <html> tag.	2019-10-28T14:09:44+0000	BUG	"user-experience / "	com.mycompany:CupCake:src/main/webapp/jsp/user/login.jsp		default-organization	{startLine=9.0, endLine=9.0, startOffset=0.0, endOffset=6.0}	5min	AW4Ss_DbkMvoHfz8J1bE	166248a6129a1e4370d20adc2d4c23f3	OPEN
MAJOR	2019-10-28T14:09:44+0000		9.0		false	Web:S5254	com.mycompany:CupCake	-	"Add ""lang"" and/or ""xml:lang"" attributes to this ""<html>"" element"	2019-10-28T14:09:44+0000	BUG	"accessibility / wcag2-a / "	com.mycompany:CupCake:src/main/webapp/jsp/user/login.jsp		default-organization	{startLine=9.0, endLine=9.0, startOffset=0.0, endOffset=6.0}	-	AW4Ss_DbkMvoHfz8J1bF	166248a6129a1e4370d20adc2d4c23f3	OPEN
MAJOR	2019-10-28T14:09:44+0000		10.0		false	Web:DoctypePresenceCheck	com.mycompany:CupCake	5min	Insert a <!DOCTYPE> declaration to before this <html> tag.	2019-10-28T14:09:44+0000	BUG	"user-experience / "	com.mycompany:CupCake:src/main/webapp/jsp/user/loginForm.jsp		default-organization	{startLine=10.0, endLine=10.0, startOffset=0.0, endOffset=6.0}	5min	AW4Ss_C9kMvoHfz8J1a5	166248a6129a1e4370d20adc2d4c23f3	OPEN
MAJOR	2019-10-28T14:09:44+0000		10.0		false	Web:S5254	com.mycompany:CupCake	-	"Add ""lang"" and/or ""xml:lang"" attributes to this ""<html>"" element"	2019-10-28T14:09:44+0000	BUG	"accessibility / wcag2-a / "	com.mycompany:CupCake:src/main/webapp/jsp/user/loginForm.jsp		default-organization	{startLine=10.0, endLine=10.0, startOffset=0.0, endOffset=6.0}	-	AW4Ss_C9kMvoHfz8J1a6	166248a6129a1e4370d20adc2d4c23f3	OPEN
MAJOR	2019-10-28T14:09:44+0000		7.0		false	Web:S5254	com.mycompany:CupCake	-	"Add ""lang"" and/or ""xml:lang"" attributes to this ""<html>"" element"	2019-10-28T14:09:44+0000	BUG	"accessibility / wcag2-a / "	com.mycompany:CupCake:src/main/webapp/jsp/user/showUser.jsp		default-organization	{startLine=7.0, endLine=7.0, startOffset=0.0, endOffset=6.0}	-	AW4Ss_DQkMvoHfz8J1a-	166248a6129a1e4370d20adc2d4c23f3	OPEN
MAJOR	2019-10-28T14:09:44+0000		7.0		false	Web:DoctypePresenceCheck	com.mycompany:CupCake	5min	Insert a <!DOCTYPE> declaration to before this <html> tag.	2019-10-28T14:09:44+0000	BUG	"user-experience / "	com.mycompany:CupCake:src/main/webapp/jsp/user/showUser.jsp		default-organization	{startLine=7.0, endLine=7.0, startOffset=0.0, endOffset=6.0}	5min	AW4Ss_DQkMvoHfz8J1a9	166248a6129a1e4370d20adc2d4c23f3	OPEN
MINOR	2019-10-28T14:09:44+0000		29.0		false	Web:TableWithoutCaptionCheck	com.mycompany:CupCake	5min	Add a description to this table.	2019-10-28T14:09:44+0000	BUG	"accessibility / wcag2-a / "	com.mycompany:CupCake:src/main/webapp/jsp/user/showUser.jsp		default-organization	{startLine=29.0, endLine=29.0, startOffset=6.0, endOffset=79.0}	5min	AW4Ss_DQkMvoHfz8J1a_	63da76c1a7f6ebbba6b4d9b1b389383e	OPEN
MAJOR	2019-10-28T14:09:44+0000		32.0		false	Web:TableHeaderHasIdOrScopeCheck	com.mycompany:CupCake	-	Add either an 'id' or a 'scope' attribute to this <th> tag.	2019-10-28T14:09:44+0000	BUG	"accessibility / wcag2-a / "	com.mycompany:CupCake:src/main/webapp/jsp/user/showUser.jsp		default-organization	{startLine=32.0, endLine=32.0, startOffset=9.0, endOffset=13.0}	-	AW4Ss_DQkMvoHfz8J1bA	2b6906cfc67d84ed805c5f21267a5d47	OPEN
MAJOR	2019-10-28T14:09:44+0000		33.0		false	Web:TableHeaderHasIdOrScopeCheck	com.mycompany:CupCake	-	Add either an 'id' or a 'scope' attribute to this <th> tag.	2019-10-28T14:09:44+0000	BUG	"accessibility / wcag2-a / "	com.mycompany:CupCake:src/main/webapp/jsp/user/showUser.jsp		default-organization	{startLine=33.0, endLine=33.0, startOffset=9.0, endOffset=13.0}	-	AW4Ss_DQkMvoHfz8J1bB	29fa4c6bbd741289967c5d68c0c0946e	OPEN
MAJOR	2019-10-28T14:09:44+0000		34.0		false	Web:TableHeaderHasIdOrScopeCheck	com.mycompany:CupCake	-	Add either an 'id' or a 'scope' attribute to this <th> tag.	2019-10-28T14:09:44+0000	BUG	"accessibility / wcag2-a / "	com.mycompany:CupCake:src/main/webapp/jsp/user/showUser.jsp		default-organization	{startLine=34.0, endLine=34.0, startOffset=9.0, endOffset=13.0}	-	AW4Ss_DQkMvoHfz8J1bC	5e97518c8327fda957516004b3f282d9	OPEN
INFO	2019-10-28T14:09:44+0000		46.0		false	Web:S1135	com.mycompany:CupCake	-	"Complete the task associated to this ""TODO"" comment."	2019-10-28T14:09:44+0000	CODE_SMELL	"cwe / "	com.mycompany:CupCake:src/main/webapp/jsp/user/showUser.jsp		default-organization	{startLine=46.0, endLine=46.0, startOffset=0.0, endOffset=35.0}	-	AW4Ss_DQkMvoHfz8J1bD	d5a6323969df4eaec4d88c4d895fb059	OPEN
BLOCKER	2019-10-28T14:09:44+0000		30.0		false	squid:S2699	com.mycompany:CupCake	10min	Add at least one assertion to this test case.	2019-10-28T14:09:44+0000	CODE_SMELL	"tests / "	com.mycompany:CupCake:src/test/java/logic/BottomTest.java		default-organization	{startLine=30.0, endLine=30.0, startOffset=16.0, endOffset=28.0}	10min	AW4Ss_GTkMvoHfz8J1bq	d68e2d9239e7ce5a11b92dc6464598c2	OPEN
BLOCKER	2019-10-28T14:09:44+0000		145.0		false	squid:S2699	com.mycompany:CupCake	10min	Add at least one assertion to this test case.	2019-10-28T14:09:44+0000	CODE_SMELL	"tests / "	com.mycompany:CupCake:src/test/java/persistence/OrderMapperTest.java		default-organization	{startLine=145.0, endLine=145.0, startOffset=16.0, endOffset=27.0}	10min	AW4Ss_FjkMvoHfz8J1bj	4ac00687805dac4a52a6ccc93792d71b	OPEN
BLOCKER	2019-10-28T14:09:44+0000		149.0		false	squid:S2699	com.mycompany:CupCake	10min	Add at least one assertion to this test case.	2019-10-28T14:09:44+0000	CODE_SMELL	"tests / "	com.mycompany:CupCake:src/test/java/persistence/OrderMapperTest.java		default-organization	{startLine=149.0, endLine=149.0, startOffset=16.0, endOffset=27.0}	10min	AW4Ss_FjkMvoHfz8J1bk	3d1791839edf5ac2bfbe683de11f88ce	OPEN
BLOCKER	2019-10-28T14:09:44+0000		181.0		false	squid:S2699	com.mycompany:CupCake	10min	Add at least one assertion to this test case.	2019-10-28T14:09:44+0000	CODE_SMELL	"tests / "	com.mycompany:CupCake:src/test/java/persistence/StorageFacadeTest.java		default-organization	{startLine=181.0, endLine=181.0, startOffset=16.0, endOffset=26.0}	10min	AW4Ss_FtkMvoHfz8J1bl	46e8db0edea55abe3429fae7e76eaabb	OPEN
BLOCKER	2019-10-28T14:09:44+0000		191.0		false	squid:S2699	com.mycompany:CupCake	10min	Add at least one assertion to this test case.	2019-10-28T14:09:44+0000	CODE_SMELL	"tests / "	com.mycompany:CupCake:src/test/java/persistence/StorageFacadeTest.java		default-organization	{startLine=191.0, endLine=191.0, startOffset=16.0, endOffset=26.0}	10min	AW4Ss_FtkMvoHfz8J1bm	d4b12c877fe7c323184d3779af637d1c	OPEN
BLOCKER	2019-10-28T14:09:44+0000		214.0		false	squid:S2699	com.mycompany:CupCake	10min	Add at least one assertion to this test case.	2019-10-28T14:09:44+0000	CODE_SMELL	"tests / "	com.mycompany:CupCake:src/test/java/persistence/StorageFacadeTest.java		default-organization	{startLine=214.0, endLine=214.0, startOffset=16.0, endOffset=28.0}	10min	AW4Ss_FtkMvoHfz8J1bn	352254de6f6f60754bc4e55de65a5bb6	OPEN
BLOCKER	2019-10-28T14:09:44+0000		258.0		false	squid:S2699	com.mycompany:CupCake	10min	Add at least one assertion to this test case.	2019-10-28T14:09:44+0000	CODE_SMELL	"tests / "	com.mycompany:CupCake:src/test/java/persistence/StorageFacadeTest.java		default-organization	{startLine=258.0, endLine=258.0, startOffset=16.0, endOffset=29.0}	10min	AW4Ss_FtkMvoHfz8J1bo	e233a78ae12bca67e471b5a5deffc767	OPEN
BLOCKER	2019-10-28T14:09:44+0000		143.0		false	squid:S2699	com.mycompany:CupCake	10min	Add at least one assertion to this test case.	2019-10-28T14:09:44+0000	CODE_SMELL	"tests / "	com.mycompany:CupCake:src/test/java/persistence/UserMapperTest.java		default-organization	{startLine=143.0, endLine=143.0, startOffset=16.0, endOffset=32.0}	10min	AW4Ss_FXkMvoHfz8J1bh	ab47bae1318a100c1d8bf41ee31b8b4b	OPEN
BLOCKER	2019-10-28T14:09:44+0000		195.0		false	squid:S2699	com.mycompany:CupCake	10min	Add at least one assertion to this test case.	2019-10-28T14:09:44+0000	CODE_SMELL	"tests / "	com.mycompany:CupCake:src/test/java/persistence/UserMapperTest.java		default-organization	{startLine=195.0, endLine=195.0, startOffset=16.0, endOffset=32.0}	10min	AW4Ss_FXkMvoHfz8J1bi	f7bdcc641d47030595f426e6a6bb2245	OPEN
BLOCKER	2019-10-28T14:09:44+0000		35.0		false	squid:S2699	com.mycompany:CupCake	10min	Add at least one assertion to this test case.	2019-10-28T14:09:44+0000	CODE_SMELL	"tests / "	com.mycompany:CupCake:src/test/java/seleniumTests/navigationTests.java		default-organization	{startLine=35.0, endLine=35.0, startOffset=16.0, endOffset=73.0}	10min	AW4Ss_GBkMvoHfz8J1bp	fa3ceb428f343b99e597fb2ea8ac17a8	OPEN
